GENE_1,GENE_2,GENE_3,GENE_4,GENE_5,GENE_6,GENE_7,GENE_8,GENE_9,GENE_10,GENE_11,GENE_12,GENE_13,GENE_14,GENE_15,GENE_16,GENE_17,GENE_18,GENE_19,GENE_20,GENE_21,GENE_22,GENE_23,GENE_24,GENE_25,GENE_26,GENE_27,GENE_28,GENE_29,GENE_30,Target_Disease_State
5.993428306022466,4.72347139765763,6.295377076201385,8.046059712816051,4.531693250553328,4.531726086101639,8.158425631014783,6.534869458305818,4.061051228130096,6.085120087171929,4.0731646143750755,4.068540492859486,5.483924543132068,1.1734395106844042,1.5501643349739345,3.8754249415180544,2.9743377593311524,5.628494665190548,3.1839518489575784,2.175392597329417,7.931297537843108,4.548447399026928,5.1350564093758475,2.1505036275730864,3.9112345509496347,5.2218451794197325,2.6980128451553944,5.751396036691344,3.79872262016239,4.416612500413446,1
3.796586775541206,8.704556369017876,4.973005550524132,2.8845781420881993,6.645089824206378,2.5583127000579555,5.4177271900095105,1.0806597522404489,2.343627902203139,5.393722471738247,6.476933159990821,5.342736562379941,4.768703435223519,4.3977926088214225,2.0429560192651453,3.5603115832105825,4.078722458080425,7.114244452437831,5.687236579136923,1.473919689274532,5.64816793878959,4.229835439167367,3.6461559993880828,6.2233525776817356,7.061999044991902,6.862560238232398,3.3215649535547227,4.381575248297571,5.662526862807128,6.951090254244718,1
4.04165152430942,4.628682046672366,2.7873300519879436,2.6075867518386584,6.625051644788396,7.712480057141645,4.855979756839332,7.007065795784048,5.723272050095268,3.7097604907897512,5.722791211016828,8.076073132931938,4.928347921780097,8.129287311628012,-0.23949020817948874,6.643805008750448,5.174094136476342,4.401985299068265,5.183521553071005,1.0248621707982144,4.560656224324976,5.7142251430234925,7.955788089483033,3.9634595634527052,3.3830127942136246,3.996485912830927,6.830804235404148,5.657502219319369,3.9404795924659224,6.026534866226712,1
5.194155098696081,6.937289981065779,3.5958938122452953,4.3446757068044635,4.215783693735685,2.072970103735763,5.592240554129152,5.522110544359778,5.010226913284922,4.530825733249706,2.1692585158991715,4.158709354469282,4.314570966946461,3.395445461556762,4.677428576667982,5.8081017136290765,8.77237180242106,5.349155625663678,5.515100781445529,4.851108168467666,1.162457569401917,4.946972249101567,5.120460419882053,9.926484224970572,4.615278070437755,5.603094684667225,4.9305764605895135,2.662643924760936,7.285645629030041,6.503866065373549,1
6.582063894086094,3.181225090410522,7.805588621872198,2.1962978744154382,6.173714187600541,9.380911251619956,3.0189273497386235,3.867404540794456,5.199302730175282,3.9930486917676014,1.8986731378677346,5.137125949612055,2.8753925725477902,5.9471848612703635,3.1611515315323935,8.09986881003508,3.4334934153275256,4.355876967588649,6.62703443473934,2.5382713671320896,5.4549198692082586,7.614285508564857,1.785033530877545,5.369267717064608,5.519765588496847,6.563645743554621,2.526098578243836,2.3590867738314474,6.0438831312337955,5.5939693464663724,1
5.5009857006917535,5.692896418993952,3.6399505568430186,5.464507394322007,5.586144946597362,3.571297163947264,8.731549022289514,5.947665841823575,2.617393005594703,6.313107217267659,3.050636659545357,6.574169207484904,7.317191158014808,3.358635363296579,6.926752258488643,5.825561853872997,6.64412031998898,8.793585965307894,4.509223767994259,3.492527671285021,3.2209711407489534,3.3683794300691234,4.845796581171792,5.682303949633288,5.553381598660038,6.654366498072047,5.026003783755814,7.907068154314634,4.470686333524088,10.440338333179238,1
6.251334695530012,3.285684887167435,2.8582150038777754,5.96494483048637,4.553074429348298,6.428000988184184,5.94647524914709,4.854342174686255,3.30641256386319,1.9703055506282707,4.106970095865957,6.712797588646945,5.4281874882604075,2.508522442576024,5.346361851702364,5.770634759457674,3.2322851275977342,5.307450211891056,5.116417436892,2.714059404338754,5.715574720696567,6.121569052736469,7.166102486350554,7.1076041040698055,2.244661264085818,3.124349920169754,6.0300705344173195,6.027571901824418,6.030095372612096,12.705462981309442,1
6.141781021386334,7.271131280361198,6.908003526986405,6.302782502611596,4.369461510719309,6.517938440986535,3.4543495709248564,4.526362786519982,4.029272904341793,5.163748278772645,9.629317133347017,1.2654696148165039,6.372520380749027,1.7745682576206967,4.056136268421133,7.177901193934732,5.128560038190925,2.8445104441413878,3.5693925814800638,6.359195497869352,3.5392667365657267,5.43291717916395,5.091143679807628,3.6967993047883656,9.28788817865065,6.267838044636022,0.9497148266847857,5.3729086295388555,3.676427070463224,6.704866669592448,1
3.4149585231345987,4.770527117066202,6.0099745579609145,6.731510388340243,2.5994071858884475,4.330997528318103,4.050109377678088,3.693341534852576,8.530908480562193,5.809963421921911,2.4782320913299096,6.835723894109552,9.244312394025266,7.064930521102294,1.9612600680919732,4.031531854267497,7.533822298373245,3.5846610687624385,5.887638856292456,6.5492681068586736,3.1461390568438343,4.8809492878764,-1.4825346801381452,2.9512247173314203,4.494863697213679,2.504433636070301,8.26482260786327,2.1397172440787346,4.119911026606032,5.2614811545721825,1
7.8825465781322315,2.1282756976411212,7.326327504309919,5.020466122039174,3.036982697904098,5.924206948526542,5.39811939114694,3.799566245682411,5.139604169980037,4.22937280627648,5.227034690502496,6.324261349042093,8.172033632290704,2.524369002346302,9.266066749312532,1.0958244009549962,4.6964298099288335,6.176634412969153,5.561983735470065,3.7546009603588124,4.5837554992854495,4.013998130682334,3.821270486111577,6.699204194042049,5.714030971930095,3.6141808094786914,6.799199750866501,5.614599041753219,6.62572423767792,6.259257683847224,1
3.3420099781558554,3.879637919606061,6.494587210246523,6.22074053086693,4.958196812071704,5.234654766617564,7.55532979157685,3.8168572223283403,6.094194762340075,4.595614695132212,4.56463759354556,7.19755370397438,6.6508326979760595,6.627019272001277,7.610957614308658,5.042007683265518,6.363905942589928,4.379466486813088,5.648332704976884,4.739713891264631,5.193991929985437,6.190314050873827,3.3635586335330547,9.184774551370921,2.987965237000596,2.5716227744245357,7.316221747000135,6.583325387925871,6.24823963410431,6.25669101852856,1
4.975506454306171,3.2054912570283367,5.151609116387453,3.6456765769757764,6.9502394668355025,4.705885236995723,3.349005606414977,4.357228316694013,5.825862908551248,3.8725508943920506,3.3555592088671373,5.487374422983825,5.4899331422174455,3.9861136492577405,4.057923388763355,5.464099874715273,2.1038313170053518,2.1850724512468895,3.563111557495128,4.573105696576306,5.621815131196009,7.950712433899104,6.7153192464040385,4.680122940073145,4.961967584194622,2.9949412707243823,4.96297372801522,4.422682722159723,5.645437120676179,3.345538112895354,1
6.038693028482345,8.065477826005155,4.782479703086285,5.8034234441978825,6.380287983422225,4.197559056228328,5.448184963620833,5.02518480156359,5.195352197097663,3.4539804322890673,5.049020348517885,5.9959965824909,7.902287215590084,6.918541652170414,9.306364915023114,3.465304874223901,6.744641273441356,5.366684011476703,9.379605866435345,3.383403429289697,3.3205563156384477,3.8012147091119557,0.7522085513803862,3.948489956638478,3.481734676892604,5.300787572952415,5.683511951554319,8.752341678431772,6.9008476763721,3.8461926886751936,1
3.203170657303284,5.983838343013011,2.3595335859587157,8.662917531708707,7.358880241442574,4.06164869579059,1.573730941818245,7.707744748330826,4.770920309494764,7.4756326239469235,1.8111446824112658,3.8012499540924543,5.010487399436366,5.093961187529484,4.099869057041513,6.2456998646949975,2.8647591412348112,4.715241029957413,5.240591263423798,6.028877668117498,6.423229756177779,2.7507158163242615,1.9317716585287554,7.555353643797018,5.6646280239591835,3.5030269268868928,8.102303951045046,5.231349268585717,7.358594368127653,5.135036962820218,1
9.121495849763974,8.510681684886409,4.502071703041853,6.943141901908711,6.290751899170295,7.737263115064698,3.070153078839791,6.372102919996879,7.116848973699176,1.4825210271537714,2.63348297466845,0.9215356444797989,4.461186331110884,6.435084511591924,8.004714104192056,5.14818956083955,8.257231091142584,2.2397970835702172,1.5932351212896907,4.888904602206763,5.768130897878614,4.934610503811814,0.8651157999202468,4.821759920974423,2.3910609989902936,6.339345097660077,5.733196492193697,3.1202404273452897,3.972266165326613,2.881572956222097,1
4.874641805453656,6.910284641002477,3.0285479073289125,6.008093031035688,3.9394847632551184,3.4142543354753117,4.785939280090885,2.929515355161252,3.892701389305636,2.604244214822303,8.929450265832779,5.070527103943458,3.6005489840148286,5.427959821468444,4.77534390061834,4.558060800933554,6.22833340008685,6.51501542009461,3.938997704778945,3.8483635187106398,4.449896605696712,0.39615767052883033,1.9696178756028955,7.733748534889049,8.289935427002568,4.501927920887243,6.153113926111533,5.622500309087072,11.157761616910475,7.2391498228691535,1
4.744164817038467,3.0889191187991485,1.787107359484855,5.406927271734446,3.487298509431393,2.1554925808046517,3.7068542315149466,2.83690399277121,8.37428327014513,6.763279513898901,4.9840547173667655,7.959888277780052,5.154736615295237,3.2774315973434724,8.046248154539315,6.077820087369317,2.925507691347087,4.619322643832784,3.2487634932304856,2.234400538071328,6.852355095063283,8.818833280940261,2.2028648523617176,6.125938473381142,3.698714861756346,4.0257492324706075,3.8152121515222617,3.2720184606403677,5.097043255889654,3.3380997671779244,1
5.540913651559678,4.899523781101726,4.522103906267181,3.1848726759168042,3.8464573388633347,6.510782451651512,6.0018343752487615,3.044889510402898,5.198664610858452,6.502774246743578,1.6611894377572565,6.08672038475987,3.674752482108307,6.141197337186319,3.4734816869149663,1.390235798670962,1.7449151242336747,5.096169893322764,5.519445003442963,3.191366749791183,6.277184917554748,1.6769598754620803,4.867840402705367,2.5779676004750867,3.696327784395682,5.094797342632828,3.2791732694320954,4.230888911540349,7.012585618428881,3.8462162609537023,1
6.671384224130284,2.740586290684764,6.059608355830566,7.883137241315801,0.056710999745421375,3.406209489059046,6.15414425436108,4.593909227914015,5.742291746742618,3.792029626568359,5.1731795749458,4.688645529215841,7.335564123319615,5.508841686602426,5.675205324150404,4.1762460677550655,4.024787551855013,4.134883624360758,5.788904284756594,4.158031038359474,5.579549713792826,9.150801597290878,6.742249406863385,4.347952935664318,7.40242784432789,4.183849253956897,0.9237509296442923,2.983827378165192,1.2584161579482886,4.296973031917383,1
5.036836758379104,8.352874624550566,5.653854747528325,4.561798942382271,6.658811162366979,0.5777293819842297,5.471229116217132,6.541730387773933,2.042827508440317,7.287508086413858,5.676992814988829,4.169424172198397,6.26556373221257,9.541385715608792,5.36373251011699,5.496441172600672,4.081278200919511,3.3003112610704166,6.660671633088491,3.2878323481822656,5.143132474438785,4.044685106469767,5.957959651492784,5.667324210573897,7.075079888515798,3.979967202290506,4.460250129413257,3.042472568435385,4.111413479847776,5.754600986089704,1
6.513977233290704,3.1556693516447494,6.73921184021132,7.711275717609902,5.826869806447402,8.753591625116131,3.452421601792854,2.510690593377166,1.4425595021914428,7.9920886229783665,6.308731312708115,4.8888306581790895,5.5599372526396404,2.749021905403247,9.891503959233653,5.258442363950455,5.218789589209786,6.451533247797384,5.962018463473426,5.447768048558263,3.4190510891093764,5.942936714271991,8.764048992950068,7.690840092309955,8.186373253278795,3.9775686471376295,3.020790359482838,4.748426159800704,5.111449824577389,7.188383036941897,1
1.6150707405703613,8.059100638921228,4.683984202842021,4.14623786010516,2.975791249479665,1.6902866562684613,6.646341167923829,5.146635934376808,2.4200782005178922,2.409842455872768,4.328430601419743,8.338043050578786,4.48081729727279,1.9937140937637876,4.508513871828112,4.454552860504659,-0.3937732858831433,4.8914102669643755,4.538130939582644,6.3924127296268365,8.69791218989069,7.253130059095515,4.462222618890339,2.7869481825166593,10.14671960649972,5.118436868028977,5.027858583825893,4.951749825779993,5.39616952153571,4.711279176152115,0
3.8526759862395275,3.9062821175192157,4.934493459568003,3.91315045773247,3.5743084346456713,5.212860455383794,4.490045565158289,8.007985977165378,-0.301939616786024,7.1830137038449235,7.492170384995259,0.8532195351837011,4.314624811839303,4.257118268008417,2.1849766105643575,3.444366624818249,2.7788483090683425,8.504540886847245,6.871356786294922,7.543110189988317,6.44334412808647,2.7418964575655416,3.9509594674404527,5.978749122455836,2.5557443822161092,6.425996860344776,4.5193492036837295,4.250358384900805,6.421919936406983,5.88852662297208,1
4.278067668361841,7.318659606728496,2.8378733448002054,6.231871213888527,6.186202515936768,4.38090712137202,5.652266044484236,2.497772847229394,6.848054038413802,4.630195727114022,3.954553958961921,7.098018451673779,3.5913126189144817,2.1830774072728807,1.8867416529521925,6.21201990269128,2.439141295007434,8.50958836396873,0.8361411842325559,8.392912736580076,5.422034934405237,4.806573776259215,3.9101618263821005,5.798272228704142,4.9247305951503035,7.2066037640330425,5.228455297324079,5.300603522923756,4.272775575572288,4.886108752557865,1
5.615603537784119,1.5796632146867489,2.303629155788574,6.48652818804543,5.341730876255884,4.632033327294642,5.036867866130787,5.695163410723342,3.920480639381277,3.4433905491953745,5.391690510195363,3.0432544447699357,5.816505511428944,1.5948327915243192,7.058311274651287,5.9451949648260864,5.5120594686277515,6.965381967891028,8.330948888925153,7.028740130036261,1.3182515373367094,2.440846066528597,3.7503628446086426,5.052182100421668,6.035318040938246,3.548512373693069,5.373533528954157,3.489234135293355,3.7769643940161037,2.1866778063035555,1
3.1535335077781914,2.2966307887673327,3.0482534940453343,7.107283593215679,3.1012022223361138,10.26476412967478,5.9866358017617785,5.369672247389747,3.2832844396375727,6.4006197588179825,3.848724347524452,5.244019629290723,10.12016907653759,4.8078802005507,7.298546652571352,3.593647149748225,4.930023019006077,8.54160127127102,3.746065884424465,8.624897115993857,6.415503870910951,3.8750664482114647,6.264815478111042,6.9451088992534595,6.243619924434393,1.8595505602190872,3.545725648350263,4.504962728896991,4.851133141799908,6.241344195101356,1
5.355402001866508,2.3293112825797975,5.760395702011927,6.221171490567646,6.11958089586208,7.161561451109243,6.667844309097808,5.918360158456873,4.859668577082706,1.6780781329680172,5.859236438265172,5.4153753743262225,5.543157674390747,2.446502848359381,2.8378869191834752,7.1063057066658075,4.92088969228669,6.363001394745249,5.056636752260922,5.05951227899149,6.876567611951995,3.967910543565252,5.192241553881967,4.075449422589915,4.131007545135369,4.381655753062721,5.444267543267426,4.042502756673045,7.511512251147042,3.2107853955609924,1
4.626256711677282,4.12053788345165,7.893955768707466,5.393109553023149,7.063689078937269,2.028879253926056,5.534100531738518,6.779261591246874,5.164567978550848,7.130960750130702,3.9654230997992554,7.81869488037116,9.5977962472385,4.274322879120682,4.1089949571984565,7.906768954235401,8.159144291461425,3.9542799456934636,4.159626365808285,4.436430782278985,2.311098977931446,3.1626961070316035,2.9917184664958643,3.464404869791743,4.930630225226437,5.468429465073042,8.101000985628154,3.003291918522418,6.968644796953168,4.572022311548982,1
4.901072580695134,6.3496389843332075,2.7545559568754028,5.764819492368101,5.332904416426112,5.984902528016298,5.5783372878156365,9.91060027982179,3.7245200314973683,3.9380060899963647,3.753718947150471,3.8890457616794905,3.7252257453869646,7.378033062215104,7.841008495979709,3.8585074125010475,3.3352888537915426,5.942831112772808,3.8955539114380575,6.265863635511021,5.405846041702599,1.9685117700055361,8.095010402660122,8.591755346191043,3.7744226190312276,4.224596880128032,5.57173078144981,5.66891357997405,6.317088545345661,9.0204090775327,1
4.646105545011901,3.4034055109230925,2.2413615439709456,3.538139920116162,4.933746054252405,8.589115727035576,3.964777401927657,5.447575903277797,4.967154207854496,7.376786546896168,10.053864851747242,3.938262454159359,4.021121114963556,7.0883217541381445,6.363782979252623,8.693414651472068,6.167856370651927,4.281415818425881,6.181309661384619,7.2174071611658155,6.640964362394728,6.014548062214596,7.133349379178307,7.3385911808913455,7.764317982075054,6.297419775179286,4.665763839366291,5.293427372866645,7.413017933016714,3.366128658025528,1
5.737346617745803,4.213322375345278,5.057489645869635,7.556903725214598,5.382198136039807,5.092873096312298,2.2802877180401615,6.492507132054442,6.29096836228215,9.32650944661092,4.384443530093998,5.438300655327878,5.498767367421511,8.15490655952695,4.809408935226096,5.558043051540679,6.215793019433079,5.3732182463127165,4.107132770898944,5.388179985796615,7.1472634997195446,2.9469694011778795,5.265939348293752,3.599758370121654,7.390093257849685,1.9536261904324506,3.8821563054568236,5.754423750129042,8.13104805846868,4.868499477854025,1
3.8896009466136032,8.76231413888118,2.103972199167512,0.6023880867598361,5.880028900106665,3.9958915512947777,2.9575343657385735,6.416712894598707,5.487601427542398,3.871842738526543,2.439391202658211,6.744914656560289,6.300402355917322,4.801648272441234,8.693273992095332,2.859830467347695,1.9489496581505223,3.616183860237511,4.908827967289004,5.486678898645383,4.5175278842873405,5.704110793028594,2.496921151619112,7.887529208146519,4.835697643214862,7.234591663176255,5.685450692755408,5.913506438307568,6.139534560464408,5.8954171200346295,0
6.285445519735088,7.658305060264863,5.39304233940294,6.418007515177025,4.820528611425546,7.880234430898946,3.6472153958814606,8.60188086582163,4.919684098711313,2.1384497957639037,5.2562088298215786,3.6378966850502383,6.681287097977448,3.694752041395218,4.107633133570441,1.220918538108938,4.095387361501847,0.15224134674208667,1.8321943530285534,6.520829312288595,6.571600317301664,5.85091512356993,3.066047713741574,4.90457728771604,4.992794921818863,2.6832706216149145,8.006796603534301,6.7547245811513426,4.558071652340672,5.053771677989062,1
5.416765615895105,0.9165302631514187,4.5056452349588065,3.6360315040044027,2.996759980210169,4.43779941422809,8.595373053699046,6.28168572253402,3.8576420204344064,6.145165562712317,7.798710873172004,6.849267365825538,5.119260739840349,3.706126444588852,6.39644662722718,5.786970770843499,6.790386440055465,6.270343603363939,7.09910543063867,3.9295295768788643,7.634788131268651,5.395199209384799,9.150521745250531,3.6216243638208643,8.4719276063305,5.395821566925296,3.6971639927711033,4.032228331891357,4.3593053836113596,5.848331892803833,1
6.0456709760709995,3.852599992122842,4.951290815478035,9.284540717223727,8.455086340201422,5.872647339348064,5.076006956336401,5.240062653436523,6.227035945460833,2.954414869603189,4.48524692515331,1.662831852244821,5.798446245210559,6.294391879405482,4.033627075401252,8.147973526580065,2.5484686739953175,2.0712502395803596,5.448903637119944,7.094196605224309,8.367855382915737,4.0822314742621195,7.157361666862592,4.922983060998585,4.654745400118361,6.767319874973345,6.304645756826839,1.8472156860315012,7.9530806994517915,7.760182708294903,1
3.748874596980941,5.791607066874818,5.988060372565478,5.521347531647814,3.8993896923091595,3.656753264123897,4.9488918580171095,7.345458038518729,6.087200309188865,4.258771335827788,6.54339742129669,-0.6970852412601509,7.297531400744207,1.5205724424438007,4.275118117193736,2.7606602107477123,2.4106370485581885,7.321653574757039,4.064597597376217,5.693007763461432,4.906158842241632,5.954081654446243,5.15364378212051,2.4340155516228608,6.99253363889428,4.012486833677375,1.886836202680498,4.143769678068175,8.00151958126862,6.7004434842269855,1
4.302695731184282,4.301484591363143,4.356729897565235,9.153495967121682,5.763870904463107,5.8600832943821395,7.060566908063684,5.477578318053027,4.481915708358594,4.607300301830043,4.856797481171872,4.925555526980316,6.4552590872739595,5.103891771614599,6.465280154431158,4.838566839782835,5.157270380632181,1.0035986309357847,6.832655349404963,5.692976951795986,6.996020219719305,-0.7925107563873786,9.176749409561456,4.720820743689653,7.216365633475033,2.9201881457489383,6.225547810125139,2.8931688736526877,3.7524620786083895,8.828062707733572,1
4.6186351984733065,5.434865746359446,6.740135461377508,5.991363775945209,5.3008378102871525,5.729922004932451,9.80683117047655,4.884762405932829,5.402198093429935,7.1013087920152245,7.211051865915968,7.37406061112076,6.277460444058369,2.713990174539033,8.266863064602191,2.707309213962624,5.605270930478066,3.4914482999612844,4.871723306814015,5.657524820606961,5.642714430900546,5.84384150847057,8.227422538117294,5.90706860302796,4.511686729418702,6.928174336576714,7.378940977849281,2.544784369726015,6.194800139699716,6.402345484621796,1
4.404872993280016,7.751413626623239,4.699888825934947,5.2511529069430845,4.65385635143226,5.031158095162935,2.8074498262095964,2.1198982348114113,8.189010126449944,3.3060773033633444,3.0172153010873854,0.6932197727925704,3.7220765046209956,2.3538204131850033,8.284030320272738,7.019634178685268,3.6236993096445524,9.504871610688618,6.963530973983189,4.350337232982755,0.0011885702528537934,9.581885145181484,2.220855066472808,1.7092025060862164,7.045140864019281,9.879504812678546,7.768545637021036,6.12781824010472,6.189508683330572,6.706831117560616,1
6.5178571795735305,5.562382847938752,5.208402207903752,4.874813744200956,3.4920708222666477,4.438649846266452,1.614086371609229,4.8033207464105,3.022817785698165,2.792821365568458,5.359788302306957,7.784004572689199,6.836633212004626,1.858998792753646,3.020743726859325,6.881542375976432,3.035025212923381,4.550733700005951,6.100104198049104,3.0633110902727294,5.21075101229192,2.331949010163591,3.7972647120975727,5.639563868285074,1.8140125329366614,5.880949475920798,4.960724402146638,6.104979908834295,5.447828268129323,7.728280859947688,1
5.250449005295814,4.141188917749494,5.244595006064568,6.086596058072776,5.0977201406514085,5.081183382407764,3.5960166243864893,3.6741981648981037,2.194789456400613,8.499153486373878,2.51227352921743,3.6141896044081854,3.5631854688616054,6.789848753888883,4.410100643415944,7.495484145347468,3.653018751512263,5.557988324447604,3.3293058934804853,9.290298255546777,2.6248031619409744,5.619641420454055,6.267553761864197,5.827598194902997,4.629424682244584,4.740358600533147,5.087622943958219,4.705995996743023,6.927758233589819,9.421046003182703,1
3.885016429984333,2.2603940408418444,4.82343590329749,10.159418675308636,3.3926508640605384,8.278233610888135,8.355401628152881,3.892823516584011,6.137966158370551,8.256793246257075,4.241744518025026,4.592839279795276,3.8366381721027123,2.9704865386142663,3.701444909867986,2.552119466475487,5.068166936518452,3.4600535378827164,5.467571823581496,1.8882087075927454,5.661760464428914,6.6670579232178495,1.0125287148570892,5.748113139695144,7.455337984946585,2.580717962617589,8.345144773675408,5.838038018732091,3.5899762884831823,4.8884618446845876,1
6.116653825043445,5.152010782824823,6.077511984892738,3.1586528138412673,5.3387216480721555,2.1725710061900396,4.7775478773026,3.1921847170704205,3.528940114820467,7.472186350420875,7.182620241188538,6.218276241814354,2.815374470654842,4.367183100610396,7.426195399958367,5.28343382727981,9.63865907996339,5.786635678788744,5.3840982329800635,4.3817670715949975,5.267081809564565,4.695060327238912,6.416217353377181,6.913404633589169,3.4280210789841012,2.337534092884444,1.3275892537934069,6.015982653825088,2.793266787652253,0.6942188140950343,1
5.7771572090619285,9.985999034865582,4.987858176920214,6.676981548903283,5.16365871709513,4.8022206936177145,6.838152965975537,4.419450911622698,5.534784628143806,5.643395612392027,3.6638190927139025,6.984084699073046,4.650080486609182,3.4885096810143104,6.073019687140807,3.2030640364179255,5.056362314738257,4.981762006711593,7.171791131663156,5.949396465759905,4.949946082509713,6.635532598400574,7.780415098034627,6.115620612703724,5.0207052396867615,2.376327535299681,2.869772673849255,4.389550591290664,3.7809755956814337,4.626057394029108,1
5.113299849794214,6.059385508713461,4.859002443881818,5.9730032876524035,5.12894882962024,1.0490668672922574,3.1213292123624914,4.7118248885567695,2.580610514317785,6.199857459992409,8.061501664687395,7.437523703394634,4.573114258139584,7.9814522736999045,5.297334914404223,4.325828057763921,3.7731946729181205,4.395060627023743,4.223646362917543,5.340832444750975,5.3211479620997295,5.006092040306829,5.8738763394927,7.381292549572683,6.899108270882648,2.030204063100193,-0.10784226980390965,6.868639822478547,2.266242603169158,4.550469196214633,1
2.659773947881281,1.3960391248399606,6.082925456409576,6.518310320605294,3.846979198546561,-0.18208458428981977,3.9075111034950343,5.783608010805093,2.0421768624517425,5.3667198395583116,4.969380301654009,6.158582999202177,5.239160736828307,3.0538621182368892,7.393143003328983,4.68294085394606,4.945390920980136,3.133464081853608,4.11343549761698,3.2303945719461984,4.654107880153154,8.423416960284687,2.2561977141372873,1.7728772042465177,7.942340654987217,4.581352645696268,3.6618545226801666,7.079809374792153,3.788768920526272,8.652019427093872,1
6.355851742678539,4.024177183708595,9.314616426531007,3.788570153993323,6.484190744018614,5.598585160812984,7.603482578797596,8.123022393453706,5.064008298131533,3.4931642593076333,5.919944285878233,3.6445692604957878,9.026774495053246,5.273070662165475,4.269356897375783,5.3693606117298165,2.305747420940607,3.056771922978697,7.400827815888851,3.6862114420572087,2.906178034636121,6.073305505054572,7.371408309325994,6.437906621330134,6.992095371611633,3.4864098228610785,2.1563786665163125,8.002667303910973,4.354640322315729,4.498333967089906,1
7.656388283698115,6.11246001880132,5.911775544163215,9.330004689802168,3.712963539239714,6.855680256162474,5.114026249794169,5.537184557726514,8.056936852825064,6.015671512579248,6.076592158099266,7.145014674619604,4.270094540914229,3.3215806653219873,2.910381611957933,1.0672868212479965,9.112414259880644,2.7935832685566337,4.557492752828456,4.446373400222159,5.614813395618201,6.6314744250785935,6.720946976719491,3.8338451228621233,4.665756572427177,5.5651599009765995,4.502617747632906,8.214691152039986,5.981949903276503,6.4697555720996345,1
6.325762537334826,7.34694771497065,5.3620431174074135,2.406336104088307,5.799375903505283,3.697286212416342,3.9427666365004863,6.172728037510186,7.476566142867272,5.042543153472123,5.617666025197927,8.404429889270476,5.4815063589771365,10.203366228360789,6.1310192912630885,1.4784744816883646,6.506683242209065,5.7623167697655555,7.579505508165491,6.346362702539917,4.723088032032452,2.5514035274212685,4.58195348542795,3.2989590915813998,3.8389531003905546,6.177156808841219,8.339809008702812,5.7893430596459625,2.6082338759296313,5.889205336440281,1
7.393262973291302,3.780434191361236,4.7319656666541645,5.0293763894583945,3.43020337383552,6.2965608676877185,4.758103702784437,5.839064887814056,3.2250156443958,4.125083399353179,6.444762715655543,4.254333695816466,8.45392770246681,4.200727628770795,5.449369451503772,6.8651816637461796,2.1632685341339366,1.4783823760384482,1.9486873708598105,7.525168206854364,3.8962837082151065,10.116398571336504,3.871504802685223,5.369102606394074,8.08421990513575,9.012185776318246,9.123007153272795,7.416732461186285,7.048125051622925,6.185053898402366,1
6.5567221523332755,3.897628567342933,3.363602233155386,4.993251085178096,4.659630754950143,4.093543901345449,6.392774894913431,6.910610417141021,5.176813772583695,7.955060162110524,2.71662177173299,4.612681081440564,3.5663553587943904,1.26692676585388,4.834638628314601,4.756504983233433,8.026899486484261,6.2616233691095555,2.95162635134159,8.708185132668376,7.442067391050706,6.164195406937232,4.547031802300336,3.0811215265530407,4.255586447857894,7.177497239408372,8.769172611869218,8.086487056544378,4.022301156427452,2.7607651334219776,1
5.281772493822408,1.4631212688742967,5.646335428369563,4.7047948274026625,4.067926996263515,1.810593865466409,6.027200213139433,3.9345983206761774,2.660166328579424,-0.7445244265632986,4.9449701898987275,8.544503193339487,8.32251842909574,4.0858074868274565,3.7955758792764387,5.937548512150047,3.0032291216234173,5.6035837996389315,6.53216055676938,7.453866447768615,4.799691847040094,4.592652499646068,3.244034826486878,3.3462392919202797,4.547042216196947,5.734731013632356,6.827169252466499,3.3936420986393103,7.985377137919043,4.457752797914862,1
4.957265411303128,3.5055766417043532,0.1515194794541168,6.7680907927220995,6.473687794184867,4.437344885763573,5.133981434449744,6.031878435408199,1.8749082862269146,3.9418946453074106,6.588529359243655,2.491421153661501,5.587115864333258,2.28683639075319,5.932859964867053,4.9287170354050325,1.769736368188981,7.329478708914342,3.5308168464039014,3.3794951259712382,5.401138394461886,7.29727469885743,2.968356362043206,5.123359699695944,5.857633000661146,6.386211214526288,5.35288311055445,4.265944321833356,3.344819558702561,5.172287766092749,1
2.855721976028786,-0.8427009669892147,5.873119608315336,6.807869682172391,0.2741351289163232,2.980538590580125,6.238308522010396,9.114990939423397,5.041587415350816,3.543994117541731,4.63420711779032,7.74975283829637,3.708071641750929,3.401615986699493,4.034512955635935,3.0933427834825755,5.245340631989591,8.24935691693912,5.6461585462320585,4.495292995747425,4.416377462168912,1.873618382606686,6.766219554294318,4.8443256059743955,4.639040172818749,11.38621513568972,5.597505816731372,3.4964178998096314,4.147284807588913,7.29689141839351,1
5.226540821075529,2.1234440433652666,6.838457869150407,3.663711828922012,8.74659555243509,7.160096131429297,4.1053562086824975,7.562032723470226,5.1357110210548065,6.705547350244439,5.96946563458895,3.3072866900182527,3.712900335365076,7.059921635162322,4.330449335786918,4.1927030735160065,3.089754841301294,5.847198131186922,9.12504983848629,2.8649341714914542,5.0484389133455165,7.8244411108308585,4.84071721750857,5.904743592499468,2.8752129437062406,5.856614194415297,4.625711469990902,6.971459991359726,7.374772103129502,10.179127284037229,1
6.1592663464271515,5.6515926331643325,5.388768603154672,4.293667414378623,5.6769676869233825,4.409197179721941,5.336921952539228,7.63519507121592,2.9869148694407177,7.279757122258091,7.634230134679731,4.763862946017842,0.7562902019828108,3.7843560258111353,7.593989093122218,4.954263875402236,3.0013955354101785,3.990450157543565,6.681240053009106,6.093467136402759,4.522135801660611,4.266351176370625,4.216483701912356,3.155179631002995,8.230751378938884,4.35535906157732,7.434317041650993,8.042632103844902,6.996621796295921,4.136759374563903,1
5.807460180673219,4.951608787218167,3.1925962785397437,5.6487185634432056,2.641920417680395,7.375358776923127,4.070765405403214,5.4023193117456785,5.566575743092284,4.482190052591846,6.17338760295055,4.050192686754951,6.742594594914488,2.308040639506503,5.2527591590928235,8.87785799811657,2.9993373507888506,3.644510058950297,6.02781569931783,5.359163563879196,5.701260198547119,5.978374260295327,6.269442937123539,7.219399683912446,5.819637313857025,4.517484690762915,6.345147402405463,8.799763869790432,4.7347325072348525,3.050941390658717,1
7.214161338573946,4.759237672092803,0.6546609079719277,6.694843354300843,3.9293436280921545,4.818933435391679,5.663960661138029,5.380999359558133,6.418903634278079,4.129027258860313,6.026211596352166,4.4809066448321655,6.477620961775006,6.230734968026107,3.1291225959108093,7.1719642323500645,3.928073109771904,6.61611559656229,5.734574626802681,8.676367353590244,4.553068035256295,4.301366407763605,4.961160788224535,4.3936404343314495,6.5998838038841,1.7673787831268242,2.892635161707292,2.864394156841614,6.900615183947151,8.42122674516385,1
4.791101562925057,4.662356553619979,5.140104326226362,7.323756605216381,3.145293731618852,5.47673796546957,6.95039525956486,6.002188339879691,5.379163233197486,7.002092185134282,-0.40646458599847435,6.3557506390618155,3.6918486337451526,1.3387342062870862,6.022405199049961,7.747317090325915,4.725102970744616,6.905749094405878,8.22455651597729,7.629828907168095,8.279929058742786,6.484254982143785,5.150867277803186,1.796068376205663,4.507875023740103,3.3135068093676168,9.341885434995628,4.648228375135327,5.2464096135689715,6.102970752080935,1
5.087204892744907,8.390102080861507,3.754701276531096,5.389214910474485,3.5150588286039035,2.3599549775585884,3.7764618181894294,4.9259264059031755,4.1413955509654805,3.615158040252288,2.1873650726563323,4.83378885474261,1.9905592519379955,6.520111927379205,5.164879505869006,2.084897001070139,4.381581845900273,3.4956871888188337,5.638349020838361,7.680900892046289,1.2496550607085108,5.230052158294835,4.679734408866719,6.342680152900932,5.426393256475379,3.496061336522362,4.361892128666764,3.407948286393022,7.152014277197196,5.0426232973438845,1
8.802381371506016,4.878678372370758,3.5831864661790744,1.9725712147743457,1.3937206474881099,1.8317281139890205,5.534253302022967,6.017450046459867,1.8376185959357332,6.790076628152231,4.033877896633121,5.293586023971098,8.224441256510849,6.793678631731064,4.4629387041883355,3.217615549169425,0.6963691973413901,3.56169336151516,4.577739522344611,3.0256409456976323,4.737486065815391,5.153703765917537,4.550288036383843,3.6999948383530805,5.337309343933455,5.883881299138818,2.819201845114308,7.82186475949254,4.802823735431477,5.037699245889695,1
6.4164288465131145,5.466432262527003,6.90627326782649,5.574248330403648,3.775125250719124,5.723007050412203,2.7125475853586765,5.217119411553046,4.933540018711079,4.583766285454921,4.742924977122138,1.2363019090047218,3.902550184518077,5.185689802282229,5.319712783994801,2.9446497181480837,7.531415681729401,3.2676503035709983,6.938914401053474,5.854388723743369,3.7075453803123937,8.550621785219024,2.61272633648704,6.8383083472200035,7.0011646360859565,3.6587595818467102,7.784930600128657,4.499906970802094,5.577387258559714,5.5206436775424415,1
4.731382517058904,6.621616546319564,6.586977441104426,1.5029360535236385,7.608680485756305,1.6750160239286513,7.065092408683315,7.253410273655167,2.8180671395696035,4.17837142409083,2.7885906630281285,4.570157939422529,4.383931431628517,6.55932106453868,7.620617492239217,7.791367621579912,3.875663946843396,4.581556252510945,1.6331236155580995,3.3882598670076227,6.929703266194915,8.231165647096464,2.531302256240156,3.8150714816942113,4.947188486082146,5.560322317639214,3.3807929601567075,5.8481220889281795,4.052321305858168,4.9710954582434415,1
6.092568496007399,5.0128445396218755,4.127228218946863,4.780780392148339,4.82327408158933,4.2599779402357445,4.482407874665795,8.197294341009433,6.121838895882478,4.409039363941679,6.393908809021472,4.33236102048798,7.346249275173283,5.739284384396187,4.7853957119915425,5.895433851620555,1.8582476958630014,2.7464650621803894,2.612149987201889,5.285886189527414,8.465029998970184,9.462600292385265,6.276102202881514,6.001688949888914,1.397884531694522,3.9146524005319563,3.424432496183522,3.7583048034977677,4.663712362830421,4.055818844605746,1
1.0414003792484245,6.495820512235068,2.854513948520387,5.478493728222299,9.148165339499947,3.1612308168271532,-0.06057504549265946,4.427991556239778,7.201919269997142,8.916694908441187,2.5409008110951663,5.993398446473043,4.069379086439893,4.788103291391729,10.28868669403407,1.9940593432096936,5.5074793229891466,5.935386343530866,7.171572649878694,5.1959663069417905,5.616101079008205,4.216702865156417,5.538253882490214,4.313615449005179,6.243143779712102,4.260779327912732,5.754200787804373,4.941474372630044,7.252100501544336,4.897212552823028,0
1.4539350635862371,7.523843001427983,3.1885353982747624,3.6924673227023606,3.808677411913016,7.748876186341635,0.728651572042609,11.275497067319987,7.112113618132104,5.4464778282583195,4.890211998767427,5.571108149715314,6.042244856758677,6.290431171900114,6.111208932006897,5.179161362510498,4.605323159385348,4.697453432692977,4.610183439294638,7.2675401937341295,6.1871134445617235,-0.8807772693285605,6.311801553059522,5.389472389437549,4.962582487108206,4.222963093822228,7.2482254399720265,6.895052924245716,3.4542446643527818,5.81410457424907,0
3.0566865309174283,2.240763670422139,3.74656555082007,6.724786944765517,6.906250090752174,6.026170840194586,6.450191573695994,6.032356574229917,3.7170368095540955,5.8638450893478815,6.600819050455365,6.508582659627148,7.377826742949286,6.416607694402128,5.702896415083166,7.140300476632855,4.9469574815018795,3.2362506975445644,4.673866072112472,3.510194710387102,3.649643450051237,4.710962658568964,3.415160158000077,4.384076940721919,1.2127706660924287,5.426587414745877,5.002410950724449,3.3658227378636187,6.31849133686481,6.875140275253116,1
1.7848802712620517,3.4745504428675718,3.4617153004254035,3.120193797782271,6.658949683863497,4.612347722454393,4.470970317378779,0.9922752711864931,6.2708360604184525,2.521483210293055,5.119865260532657,5.554753875916384,7.7213171916773025,2.382359201761776,-1.0390243116416507,5.36769908950739,8.601022363021707,7.477892705878874,5.419318830549251,4.0167276287359055,6.614245193274621,3.0529076005910625,5.952715538712439,6.010940318333254,7.12041981499776,10.519320077822155,5.784831934357534,3.9820727485850025,4.9488513756160115,1.4618481902217635,1
3.6105737378218836,4.181435123773792,3.951823204130815,5.304709744067444,3.355160135235599,7.242061334648943,5.000414129836394,4.981399357722771,4.344210566974164,5.310381367717958,6.650196529335269,3.2657395685781996,3.6837670218494867,4.3925479424466705,2.30825815305357,3.361484280557004,4.047558252910682,6.748778361425455,5.52512265800385,5.387179822735089,6.701795924335944,4.725256423201206,5.780929699857779,4.793556494135007,5.530724698799257,3.8344826847768356,0.12236568344714183,4.731441675627392,7.84549627219988,6.852430804483185,1
6.930794969182341,7.472261443612435,5.177315181922875,5.394631414811191,3.7646962091312997,4.3678542879459,6.231542299542284,7.407768874337632,4.721107448638001,4.099621470297177,5.001055917713194,6.202413497858229,2.1122903677329163,0.40763809372552373,3.898926301016833,2.5585751481716827,3.983719604705378,4.704439362365057,4.093503181953973,7.904935068941491,5.65348952920464,5.600948719221657,6.244414288086804,2.7223337644384618,7.078223574840537,4.8484714269290805,6.340961234482425,2.856285533919689,1.8924824679678713,6.6357793160500576,1
5.752819052195033,3.1958968912849794,3.2606738374506112,7.250869568829539,2.6211762142653443,8.285345906511926,3.1987585307042625,6.276783851216766,4.3427630485020305,6.206374862164687,3.911771995771615,4.674414187855412,5.081838350791442,2.9956250884370546,6.4816486908402515,3.9735728670568298,4.542800169319963,3.0113012507829753,-0.124667317590621,4.617944474799662,9.825230843225832,6.569208575796048,4.961479240531211,4.474218341583464,5.044931785624093,6.09423823035042,2.6383743693823103,7.228643389337744,6.430762630882488,6.436371451415869,1
5.876951477619454,5.03923331538798,6.34572247193364,6.1836282674827565,4.2919185781179525,3.852796454206198,5.203712590523973,8.098040302990375,2.5217858486921982,2.06494946849512,5.329521682473033,5.101775403712036,5.346683328740816,5.487906395817,4.55359549073039,7.979726877204165,1.798192043046969,3.343005950439508,4.793490479701905,1.7136223776916655,4.648291191135858,8.322940331456037,5.041772976591924,5.461401811437367,2.4796704696548395,3.767277183921045,4.249607239352126,4.364569806487532,7.563287590007537,6.115382121450249,1
2.777084086125936,5.49300955686401,5.99644349699357,7.2802980770425325,8.161081373136748,2.9698116163442627,3.3782849775793236,2.4848442821707675,4.531960281786037,5.932716748892669,6.974669033178204,4.848097952714954,4.360304953490312,5.303515984497481,3.329714196739954,9.179077443389547,1.7846779457638826,5.369481157791449,9.04721243845928,5.013599689119996,4.619921929997011,4.285109154379145,4.639216636475185,7.745696949353061,0.5762761773409864,8.066867402592651,2.15208569509971,4.46669534153117,4.141511159402676,6.177106539541439,1
1.8037512962325049,5.9243453321638855,9.048619246573704,2.273651990814379,5.379412335220791,3.676035644406782,5.851774412386072,5.038295554831504,3.717026181911381,5.975744569742148,8.608696219573487,4.618192416545402,6.439515884296364,2.4134540842576726,3.0871272463639823,5.9448125557607545,7.96823205707193,5.71122669757132,4.373883938953691,4.998582810846708,2.499184532060565,6.209030652710734,6.764666124646818,4.095819334333839,4.059915704480997,5.531756459304097,4.126560527918809,4.867734770748355,9.199443578333032,4.505948598508007,1
4.283319695957555,3.7049163887296817,6.4883839429998735,4.637551653563794,3.701253923357148,7.642608064546025,7.839206009027274,3.7991528685225897,1.2669200972787675,7.015027379673844,3.630740348479992,6.581251198325537,1.059792364576329,6.785194676598619,2.5776561414384376,6.461528238133049,5.028546135672868,3.0921211612067103,4.185927374146439,6.372636913913402,5.211788906230469,6.168825960944968,8.95288116903097,1.8715167765778973,8.234425149937248,5.208711875046426,3.2024319033537436,2.3393727485220204,4.621759218445933,6.843300223848919,1
4.744901759244931,8.022309860494694,2.0976486198968822,4.975822104307891,2.495213111173762,5.727263765249936,6.773774780194601,4.158476412637894,-0.20842771325426845,5.397896293592989,5.873477103467019,5.8085895099233955,7.471564383644308,2.8578926407019023,6.360432210900899,7.385015024955949,1.4428248319869663,5.639303651837954,3.991640337984657,4.836954653796708,5.695352967076673,4.025542871772895,3.6485838416767766,5.0683048349760496,2.8255081222743947,2.828349742229629,6.358746565913007,2.702411929682688,6.332625001818424,5.925182585707902,1
1.5483865424188066,3.64487069532869,7.388218806094745,3.0376689377206367,4.071191475381225,5.924121786503793,6.566781018565191,4.496922227911009,3.8049796106167166,7.844739723397016,8.477799327595157,6.957716101563591,5.1706362851300485,3.3834685567181473,3.3391111868868695,6.045028210531515,5.836796441777367,7.803197185892859,6.300900185072278,1.993839396480364,7.103895235445837,3.003878745371174,4.232057456095297,5.500400412503389,8.99133497956793,11.219837112010723,6.2134461182723655,4.633606762559224,6.069011296961101,6.775310851747673,1
4.358664748885617,8.590422711824644,5.460141518382804,5.995486178182788,6.3318485041089225,5.843173221228911,6.677881000939225,3.765493626906154,3.8833964921079387,2.79969153405661,5.879002461240453,6.557873007024228,5.915545732303771,8.348984866695075,4.988807962341907,6.337483311185025,2.8165982477213714,4.225800595051198,6.391075515131555,6.698204221486288,4.412066104671635,4.856801496283866,1.9642525066383811,4.285941598386781,6.780766327039572,6.1504100322131325,6.001331442762419,5.09954737436192,5.014126317256353,3.6793577210531057,1
6.3976568404050695,5.841945888778779,5.984037695985599,3.9479303146648395,0.6933141602575112,7.194305423507391,4.042325087983191,3.2744484719137588,6.386957823827988,4.215974720161741,7.119872768093243,6.234011899153395,6.367138646400955,2.2680885775989315,7.423887970772801,5.522501062467712,4.261445721507593,5.286776934684502,1.44752953420336,5.817305622961341,2.941256983635857,2.294659428312931,1.9552816275642178,7.2253767499798505,3.7414732126144226,8.067455419833,3.9283970738954044,1.5852840848141065,2.7669511201026817,7.471623240013877,1
4.688203644126665,3.903425407018798,5.320036451705575,6.00356547233509,7.234797631804922,7.896998459785852,4.280462708421829,2.3479046278359235,4.173069677753448,5.520561013165772,3.0724821475787785,3.0856981702099144,5.687575763099771,4.902695296859098,5.065593990823173,3.4830093305998613,4.539198571588465,3.151533711463391,6.780396822249574,7.070498669447505,1.3076242755238123,3.14097827961518,2.006941489819842,3.699952131186204,4.833124060419278,2.10070956060294,3.1562803737493734,2.992085255837003,5.414534658797888,5.138688674072501,1
3.556524893325493,5.353641744278796,3.906639830825469,4.456689779347894,8.346904180597074,7.680922103580696,2.4008375261448047,6.6594648357583495,6.622793108983184,2.7034734224947634,6.637555287509722,8.075863836825105,2.7549103875111722,3.164994357971473,7.035322933687005,5.542990621651296,6.1029525504790465,5.681178432800993,5.781391841856288,2.347055743377834,7.094635413242896,7.339179984855547,4.541218511863945,4.913046100372275,1.9377849948885557,6.0285095120356695,6.144114883428288,4.875617966001378,7.248706719741005,4.331845538040119,1
6.1292118517872005,2.960671322615769,4.952895698251524,4.651291484194329,5.4506158440818835,4.260946142333283,4.737054808656664,6.652094342883013,4.126471525523565,1.7868457985226414,8.499167808410842,7.7629081573809735,2.4154746097887627,6.379415610490389,3.9940504588973136,5.526974430662119,5.588448258026988,4.531184399367356,3.432468668827207,3.618917895367481,3.1676161690375153,3.3363555835391105,4.865643419901289,3.5684800217784964,6.36410413142524,7.974492310671854,3.839893517259914,5.478809001070754,5.999370220605868,5.944004541838549,1
5.151910535832175,6.4853648367194445,5.9644979053613145,2.5246751553454043,6.738312128778547,6.774581674533485,3.4734277916428367,5.075875670895204,6.366657985622139,4.581372360841277,7.145956095532023,9.727744989238722,3.4280279347300353,2.2379107936924503,5.607637191209752,6.443125010252287,4.538267252310462,7.906521326642069,2.3227884005535024,6.385837246063222,3.7882783584822133,8.438755812414593,8.985030706336236,3.466686824433304,3.90088572818284,6.719175773959604,4.225738700420971,4.909177564135524,5.05077684108482,1.1606536876046873,1
4.972324507811526,3.6205444518716523,4.013754355200456,7.887264006937628,2.4869862114414873,6.626410373495954,4.442074139336383,4.440479663008331,6.580743792103423,5.680102589137781,6.141225994439062,6.9363693210657225,4.337383233633354,3.775526530984499,2.829698946884404,3.3491789400420897,10.898188850617451,7.4893591614735735,2.2978512675839573,2.3550840865128597,5.963732123436983,6.094529594755934,6.097767670634729,4.490088412892605,4.7490914799942,5.655759048318715,5.171786012586661,0.5613992545049298,4.540400738849613,3.297187131479373,1
5.350422837817024,10.97051800520682,5.7349633309486086,4.372940627655204,6.843603003954504,5.965375774418425,5.840188980903682,6.213701186431342,9.113087129659082,2.7382231293481687,5.947264153622909,3.147237740036923,6.111025292684497,3.162626977027811,4.165266372789831,4.409820171524188,6.951633438689418,6.836908887884828,2.508565247107231,5.109868221999697,3.580840290501655,2.482990178649331,4.5659658991512595,4.38303442308836,9.853432972691046,5.865919650721392,2.2447649984915254,3.8704519916581157,7.042766590858797,9.17688554573985,0
1.8280333755240834,1.24015122972191,8.741930350743564,5.779228354741807,3.263414536247267,6.06925817224487,-0.2714954780337555,5.006751013194322,5.655642345686171,6.848540279075659,2.9722080954149246,5.171374322806718,3.1491507478808254,5.510767511348634,3.2093073552739515,4.183798321679559,3.008369210419542,6.3022724836473145,6.716902233313331,4.5307588600851725,5.076475989920056,2.1028171707329117,4.400646703986426,4.8995907659165105,10.241586182059951,2.7760659484516728,7.928354477504875,6.993717546931616,5.561272808980273,8.517240968390267,1
5.744210945213726,5.778318391335858,4.89375869396491,7.4471377648372545,7.192938467621767,3.748645425007575,2.3615056108024652,4.594038725208685,3.399922871204707,4.87295085076929,7.474876269368279,4.08539668982642,4.91435323737685,5.1160454696167905,6.696861764410569,0.5062213320307896,3.7865994104694067,5.4225673845589455,7.4001579128537225,4.01619510498759,1.2468945879162519,6.239422891932272,3.7292752223487415,2.6206666818192774,3.751309220573552,4.630949284688301,3.7905106709235747,0.5888678858018617,6.794132393774264,7.549750082557445,1
6.303043982679012,2.724628659150367,4.597016932104964,4.986957369541084,6.19758877912382,6.336680977436162,3.5316524024430085,5.163991112827121,5.914560809230482,7.911644644293533,6.409013079649446,6.578113374751037,5.167653255858722,7.820918290407008,5.819525591918994,3.277824179652859,7.806739940250381,6.395806545078055,4.113911957743035,4.041014065201513,5.593151090281523,5.926369590535169,5.394584531262413,5.62261734688577,8.39991474915276,7.143086304469771,5.381271182530049,6.882621161534967,2.934952192944921,5.795854099893618,1
8.61861269946622,4.563908209215253,3.3047321427618304,3.6958222228138786,2.8207339253152233,3.4304761837445934,4.258983802819942,2.188865961642716,5.031236667899206,6.804554347573294,3.184487639706159,8.038567847283538,6.021584177055189,7.061161171248115,3.684330892295726,6.709050454133232,2.816132199209374,6.780495001673017,5.343678679587063,6.106502439969567,2.6488107887502967,3.2098603154467904,6.194456436506769,3.1033039915515985,5.926412584198246,2.2657243870795085,6.696348425333336,2.534953370462982,6.104599875359046,6.251261867292001,1
3.6064563631408504,6.164053134169453,5.520884526667112,3.9223162876145237,2.982890631847584,1.074748616654842,5.699300094599387,1.8703944572758897,5.1906883988826165,4.473103567835501,6.358285550876391,4.3959090010202715,4.341104427305817,6.463741408576591,5.670116058168235,5.632311914365556,5.938535179617053,1.9288557535857884,6.513577359973964,6.224937588027204,2.9666337428470055,4.511839052651597,4.921385424744738,4.731006431196534,5.66771993313707,7.862733563662367,7.163533455345657,2.3755616131371875,6.244139980612097,7.65786663907082,1
5.773617041378405,7.181960850371934,9.02454089140153,7.047419092213962,5.498617191283458,7.090176948169507,5.2897756661937825,5.047806086569911,4.297171528572535,8.126826717664215,3.363142668115997,8.064735449356231,5.999728247480743,2.201387650396117,5.735298585982843,0.799946984696752,6.251016033662071,6.770462965977982,3.815288088695893,5.247095391911165,8.908314867500572,3.988506591476127,2.882184825886799,7.963326804925197,8.92517438106159,5.007391343695694,7.0229260708167125,7.682951831061763,3.515031534923232,4.029388329264263,1
7.4617490263094695,8.370028557417019,6.125761720348709,3.240371292995891,8.974122223398883,3.938058204376071,4.329724437657097,5.684675668979243,8.10832084142955,6.707951953104447,5.829731000723821,5.9265770602362124,5.087029337286932,6.116279029037012,-0.059120155388606044,4.406785081860403,5.482643869833562,2.697971832760986,5.77264663562312,4.591057558027757,8.510951396630979,8.146039450429713,4.068388861763674,4.698324576866609,4.852104868783215,4.096681047680755,5.390049968056253,3.4834358622248196,2.7387693301249474,6.245422447800538,1
6.259059168443621,3.3913684806800153,6.790710861525199,3.7368445416693374,5.506330476075963,6.640688025224912,4.932774870592574,5.909481824282269,3.9671407122248565,4.607066833143806,4.588281138239319,3.506843306919522,4.646451673768436,1.9027634022725066,4.01769250571579,4.430249013260658,4.48764049500924,4.517005108258442,4.876471600279742,5.958883036172128,6.749034148265045,3.7004695463034656,2.593598289221711,2.915911175513794,4.025594157610145,4.296157364366982,3.4600078676050856,2.407766671500211,4.087758345051624,5.362853240227943,1
6.190058931671129,3.8851538937833574,4.174004355713132,3.1466033823053783,4.937121659250447,3.3031427316183706,6.1462556264824,1.4282670161317776,4.280740655095075,5.6022146783834845,5.367669032645009,10.386067327960994,5.699600049135815,2.9918908063159795,4.809071505821854,1.4475073330670964,4.838800501406478,3.3338878859984824,6.8307805511203235,3.90091945080893,4.7664681684095065,3.728884317191193,8.477702703706662,4.357514467764177,8.665114086958404,6.628303524236533,5.9641334546707725,5.737466294635039,5.787594596432503,1.14465484130878,1
4.442233211698487,6.690315942368644,4.902205633051789,2.18962030639285,4.895191098845061,8.408211032510982,7.4937834310694384,4.875991981267936,6.902898554116173,4.266985959263897,1.5922568263465622,3.1510680237408915,8.125777537016395,4.452013836341392,4.513232041249964,4.400323607450239,8.808273179146013,8.251917830724127,9.437560466896269,4.681909579199897,5.59124897749419,1.9667149011584177,7.953868852236549,2.66444089746413,5.433551127525258,2.805394944734312,3.822266346522608,3.3254751379005993,3.7842494786483645,3.921754593702043,1
3.903462410149846,6.666667823560614,2.79027441387496,5.441082854027734,7.435918304611117,3.9736072709732078,3.564162218504796,4.538950749639499,7.359450416721421,5.388215261906716,3.9375714107848028,5.96775330237608,2.7954157003271534,6.362719020885896,5.817214615403535,4.384383057722232,3.3228284031055377,3.2266381554330854,6.06963467269182,7.457961004978124,3.7253845059424107,5.916773407102968,0.8259459627958625,3.830764538685601,4.937882134258196,3.1806331660363325,3.1269872504208083,3.6644408870622276,5.584385456652746,4.6253419631872505,1
0.5235375333500558,0.7585996947298677,3.786269644285649,5.915373172107104,-0.4950096854504693,4.000539647696739,3.9475042869651578,7.776675556416896,4.229956376574273,5.765977969481857,5.282514280174927,0.7388670403855988,6.536414433263475,5.430793010912576,6.016537279349179,12.852475412872653,0.8317741210028231,8.449393299522217,4.425104961199289,5.574657808806019,4.908975509397516,4.151527333203913,3.8603341435224827,5.659017471146019,1.9656526066566418,6.501158335043531,4.167611190229492,2.7398613219192844,4.099974284008373,7.514298433725146,1
3.929329825967554,5.716907236419241,3.5380874485690534,6.515843699847239,6.371015477580408,8.697217666592824,4.648872109001569,6.337309609515813,5.196135079077889,7.591743563726029,3.5623352247825393,6.490010625754563,4.610605407766637,4.871623645783004,5.183504968896746,5.504480792853355,4.767541913756084,5.429426366341053,8.156236115124369,6.970899371230437,6.738309184993793,4.088920947952259,3.2215183435433516,6.9106011164755055,6.752093585059589,7.945341351501964,3.792038748061541,4.540902689279306,1.7210316749491317,4.215057787878254,1
6.993141021158895,4.067009241543604,6.280959590401648,4.618993788004377,5.648114056443121,2.7046172203686654,5.170418899267802,-0.9822719418014465,4.62620768367603,1.7390535125697197,7.411989033093632,6.554814705529022,5.933341963932162,8.04201245431876,3.1021669583503257,8.494726395831115,6.864383128520769,4.526889425562108,7.271240294365889,2.7874129751767316,3.3509716769446527,3.782820553520599,3.9420445838719695,2.8868847144794945,7.4461661341906495,4.482291199260336,5.7050099367137594,3.859297267172639,1.3587933989029657,5.540114716782844,1
1.1754900491604463,4.862731907829063,2.263369922334379,8.974551998461616,6.822725444349444,5.211507582542961,7.527413355309337,3.3073680450685283,6.086958757340186,5.399620867437427,5.52804016266734,7.544707000213536,6.464984205559604,5.577447325650047,1.6902251275434077,3.0799074094410726,4.754582132808552,5.186744748553302,2.7395925506521523,9.823353351156843,8.032788110507145,6.204236640784967,5.144073722567489,4.575582060197696,3.096163079955529,5.154961037037725,5.515505080285501,2.5164788490367513,5.668352834489795,4.6894819023505026,0
1.184384884245218,3.279229978440996,4.172788933156712,8.775375314680382,6.113106249067516,2.3290368618002173,5.972072578835274,1.905392022123269,7.165382107774146,4.057750696364243,4.812727622521658,7.65159329508438,2.4256728628315,2.2057636297740175,3.8328013473079903,7.076757702038633,1.9613078490463152,-0.6643111962211377,4.097682283182002,6.103481599821841,7.400523499477659,4.073677275829202,4.177146785767995,7.307801468511494,1.2605166006091588,4.222958449633982,5.380847779850115,5.898437442570069,3.9803866136182346,5.068882023411683,1
0.02334529317402101,3.6835031753323033,5.9070174251089345,3.035411931490641,5.117968443179195,5.893745001605396,4.31490159828447,5.340927541993142,3.0745348694307753,4.586777440607907,6.220432339178445,5.3139459219368685,3.826937460872129,5.448432808581586,6.429219581273236,0.900117442845044,7.318148129911796,4.327490522637856,5.85097986648046,7.394493847290455,2.256652605539068,3.581117995144907,4.422902608248591,3.432492957751143,8.469873151673617,3.2864558123464143,3.8889064410262666,5.408778063205953,2.5957009478478223,4.2086385764874725,0
5.6349065225003505,4.334279191234978,4.8132262822001035,3.9413357751032585,1.971059381638466,5.643186422678477,8.509866143294483,5.0368032615668765,5.450528234495099,6.385445510233719,2.4613390069066017,8.405029316259212,5.404657592845604,8.263713798178218,3.5339340089520213,8.63612384511565,6.550310988069566,6.106080171704717,5.468048908706296,4.5029427638511015,7.401063316947745,5.280719739696094,1.0658605928256955,2.765627076585995,4.6283084956145055,5.61999796633111,4.8868230222002085,7.437941579587326,1.0977962719227503,5.28717587301032,1
1.3640415492256905,6.519424590968336,4.811082571115994,5.839219944048236,3.2722340788204676,7.558929863315502,7.083449328117703,6.167088606023775,4.740965506273119,6.159714570590264,3.586214864025302,6.711111318041424,8.298961788647842,7.141221119958372,3.540795060385181,5.722834634546206,2.4137169124827045,6.144780622351352,5.901206825725078,1.2603673209356718,2.6764323121752724,4.433722206512465,4.398280505718348,2.5810461291623894,5.777957458704368,5.502947217881024,4.611461736042961,3.488416999683274,7.097414252833127,8.310814226176591,0
4.032877032306926,3.7756661656903585,5.982415330823993,4.283941240506028,4.7212055986735315,6.479306303449343,1.1812878249854144,7.636604649705339,5.145361048658683,4.17701371087564,4.8215316915571025,4.924858710041037,1.5375973931101492,7.989876454906472,5.082651264541237,5.88600426089475,6.9030995411480855,2.9576750848793996,5.946943798070457,4.464717818202413,6.693541550432988,0.7455451592970093,4.801811399517462,3.7943586884320766,5.864525901268311,5.940088374736404,3.584748210355948,3.575652271647913,4.778669262885341,3.2067155453695837,1
6.683967390904254,4.261585599105108,-0.8139764386432828,4.250355886756388,2.9229123583120553,1.737448369078109,2.525146723554855,5.21881694366594,7.657281656496462,5.62636894772996,3.786993223568521,5.911808390341405,4.081819379562017,3.610799261673711,2.691274663534031,1.4963423864965617,4.22015258688111,5.316106979840264,4.80675265997022,4.168066144105283,3.1085078786064377,6.216492383369937,2.36573616010683,6.552055827686951,2.9955659621465505,3.49512952529393,2.066429618768646,3.9971957062287267,6.950624916955958,6.031256176887913,1
6.95684422405607,6.044285091867872,2.7926603429392616,4.338421551344886,3.439601741765075,7.661149808078081,2.606422707147377,6.787395378778221,6.785907740217539,8.659240403432175,4.1806268147410055,6.424644319160324,9.563303673077685,3.764716646132607,1.9299195049352806,1.2399799321844727,6.425424057722663,1.2336995838828324,4.255361894124154,5.874626374077922,5.370351073659828,5.850889728368345,5.444579711601708,7.557731626626786,3.095367238522406,3.6460097230829374,3.454681109458352,6.66038362372522,6.800797176790127,5.902450638637016,1
7.366987333779855,2.6439182652472386,8.334448223102275,8.046477243424516,6.471243994491493,8.56359781754212,1.6867535846444524,3.9511037274746963,3.5293930786360956,6.442958647514686,2.899718520795709,6.514990298674971,7.741072287993427,6.390405800167999,5.567502047323003,3.0242533181985016,3.306298067749271,7.499237810593334,6.558698007810665,4.921960961244912,4.164180908468219,0.9483842537772462,2.8582951626311224,8.822838174279447,2.4390888579950665,5.378959642442162,7.014887946390397,2.490154663995415,5.3694209495621665,6.87583107502131,1
5.0249986438145005,10.736806111333536,1.6628014822436095,7.117457059767758,4.654396525207071,6.54384030967335,5.8826143033984915,3.533687605780007,5.45799278491868,1.2841970972034256,6.2064950011427875,5.596316931981051,6.277320337286205,7.116236650174301,5.735239680419422,5.296178839596553,3.2378633266774157,3.575558472701898,7.3734692403546624,7.8726708114119575,4.523779127375892,5.092005494506548,3.190771250012468,7.34551369053489,6.330833647383558,8.882434872927497,3.243353845640522,4.243984201963565,5.462891845051145,6.292979075451541,0
4.568664724904735,3.254077819092599,6.762815057847142,6.442270725091163,3.16745179887255,7.7108856022109915,7.3403974183932075,5.268592994495585,5.159195724752073,6.108115542231815,3.276593859487484,5.060062958328165,0.6952329107816393,6.752911291005871,1.8770135551162812,8.006839656857998,4.3397598120671,4.576666036137646,3.7445321878309885,4.4239222521558474,7.837062690296073,0.024382686929841135,7.5539307721763755,5.676046962203416,2.585956704285569,2.8493752139015243,8.352786054416406,3.108986240114538,2.6932989788080812,7.274629084729458,1
5.677105752571828,3.124148846927202,5.433249950809238,2.9484946327194455,7.20164279684521,7.122741929746267,6.064012397643886,5.723322122494033,8.522376249734748,4.999372654776451,2.6362517491583977,5.898947825664614,9.172094099074227,2.9704810136282958,4.277074466612029,5.8328920762029055,4.892190301988522,3.035392839245371,7.243715712460942,9.640081444034518,5.392262918047814,3.1918634205279997,1.90207894989305,5.515951962442362,7.207754686632516,5.950335492990764,4.995192318162292,3.8214566964213876,2.8156727345638206,6.669502652649764,1
6.8275432427711715,1.9085404266185337,8.179677956361367,6.148142441788003,7.7991892902915865,2.31574450302977,2.268351689169122,4.702061380465406,6.005568853790388,8.592721645853928,6.4121578276302635,4.514637446375933,2.9472615846682158,7.4600011454383,3.0705891484985703,8.256937109544644,4.431230700786982,8.181164145235702,6.357862580118557,4.726009021115083,3.9612072563477465,4.31818424530784,5.8566333847504755,5.154312992435433,3.8123771838625897,4.668737179364736,5.1571540594383,0.7425318111703758,5.916336229577397,3.0405575505663864,1
2.69333519358851,1.6253113057785793,1.4122150042642194,2.2891049937754215,3.581958084739019,8.906518275053136,3.948240648209592,5.355500212536063,5.800962773012658,5.262130372431697,4.845113078548013,2.6094124728015107,7.901855096558424,8.614393287275771,1.6346826117546285,2.951942818227241,4.440379315245988,3.070924410179617,6.011931106911731,3.543455595186774,9.330112135613206,7.381097188687193,5.42514806126443,7.053972526639464,7.211800848714618,3.8721050238835133,3.3675655109160703,5.156286125939295,6.7232722489958885,5.278120797306835,1
1.8460070356180056,3.3943511120983154,4.852054272811244,4.84866879134834,8.945084353579617,2.228024115202004,6.011178483671749,7.978226216656579,9.542899490845592,4.191205153632078,5.982858905440399,6.139520714397294,5.390963463106582,4.802309597521388,5.871950779000092,-0.06449217043937061,6.364138980125262,5.2523558073239345,4.555050206443469,9.093724391439116,3.6501319624188957,4.193848021869939,8.983106604409468,3.3358773903002867,3.899769434126922,4.7059491531383,6.681468964259098,5.415605014706626,2.4147493056954747,3.935662873745621,1
3.7852911335755772,4.845557909553909,5.851687317259659,5.836411511775944,1.4479764919031957,7.127881975121712,5.505137691993247,7.7690640951878125,5.888396654581344,7.202645915471525,5.933090622900254,7.692451512405496,6.044501272035557,4.804169507114192,9.544869440893763,6.778074244559784,6.147488842008826,2.447391166923328,2.4233847650729246,5.585430964283707,5.291042395536482,3.7717548699833676,5.28196539922412,8.17725385608719,6.390804949100597,2.7179829804945235,4.776982345714113,3.3900670382948785,4.224600167182878,4.172768668740715,1
4.044708834791989,2.4897292560532103,4.74469063696362,3.87878472630538,-0.8588973800045361,9.105944049003327,7.177539308433344,4.247398550150008,5.037638099481197,2.6566913053648764,8.391445755621731,8.794577389546223,5.313387456493049,7.047061288370689,5.350573557867848,2.3265491222481387,4.176353262072685,5.263855933543914,4.090904562513112,4.562693445129928,4.817200884981771,4.838243004269078,5.104516980994966,2.878789867206798,3.5659677017441274,2.4308314686000614,6.9556310993724,0.788706116319351,7.307180686633851,7.772698794525686,1
4.395638826034757,-0.20627417565459716,4.277378876065419,4.871631677422362,2.978803560142173,3.9695632123835143,8.060390397726703,6.329854324603482,3.1508717712438,1.8048016608091357,4.345965364780458,4.5730864412991235,5.9923983747266325,3.929366574864682,6.022999150723723,8.87030808012046,6.631002044888525,4.903822985338455,4.633699057893411,4.286653731640257,7.361281824904289,3.745373108097394,5.090445417999965,5.102395803762171,3.9964316143769363,2.2550689042317984,5.645949007235337,4.877992056289233,6.00048093887314,3.9327993871216664,1
7.441642597626096,3.2464524375763104,8.424080568035786,1.5047269803434768,5.8695401291137825,5.950861365053247,3.4088858641182354,5.848787875722025,7.559037339520318,0.5663623212918711,6.005489614981629,0.01345835933984496,3.068670392953584,8.25833272980189,3.836435933215892,2.652240071182055,4.604124542030636,9.135812676327104,1.3366355055879477,2.897380176721311,7.994863366359253,8.715404687075464,4.7931375514194325,2.521894594946715,9.191687003618318,8.188884783498393,6.3578939755244654,3.37519530212516,4.901941318323926,4.679279837910339,1
5.661702609231155,7.902002876262673,6.758834082274806,2.8452478460304835,7.752992900039075,5.6262642800263105,6.374131591717832,7.933081718557206,2.7768395009728977,4.9283488425870745,3.93709089728157,1.8642811492690883,5.69341995520984,10.023113103168846,1.3198445109884944,4.93543877790106,6.281085870149547,5.246156403312362,4.773743894968519,2.4015672731083515,5.465573485880327,3.4864720459681475,0.6201565900428934,7.389184441027462,6.916771639684085,5.103321953702159,5.458149376411405,7.148636025431123,5.448679313556165,6.808035109522629,1
4.4050355982523,7.623967477147893,5.641571451865368,5.388103887211748,2.459877822575936,5.573911708603418,3.3360901650110977,3.723434546943012,3.369248743367758,2.86753013620155,9.249542806033922,7.662678123976806,8.840735004288522,2.554209960888872,5.142507499821785,2.4129847495918084,3.608610245605872,3.1637460331668503,7.4791680128831235,4.20754064379648,7.136758667388033,6.208241779177036,9.607277504209577,2.041111553720552,7.518466479573598,7.292881740801455,3.0532423239459305,7.014266672946319,5.672289926052458,4.545047480093184,1
3.3521290260560006,3.561781097101628,9.099624191571852,5.001365637914965,6.564260003062918,3.4182012366648937,3.4402941075567224,7.163969618499884,2.3008475768969356,4.169572464189457,5.068054822144464,5.2227452036801045,4.641813429967687,5.791639562191846,6.385711511635623,6.46927509091866,3.0283923826643466,4.4316898041424055,7.389525723753875,6.789294375147745,2.254281097037872,5.702959800704403,1.0435495012503795,5.0938698041207395,8.795534033491954,3.1042145654620272,3.331353909016836,6.528059563145719,1.9143969695807082,3.734489940229922,1
6.192882275163505,3.731428304621194,4.528060025578057,6.488371420630069,5.843092167073123,5.533636792590804,4.321755441459922,5.740122230537911,4.752534639800487,5.915611219851569,4.006135949764044,4.634862051240917,3.0200844148959725,4.929984779987528,3.3779982727423103,2.7719070996760133,5.517322295710776,5.425479551715321,6.565747469897145,4.137748860849802,5.816105693673512,6.101595144547327,5.889547615663189,3.3486926343957157,5.298726964542378,5.728280592109323,5.0143569338158835,0.8270446832578306,5.32097924794696,9.425062078794484,1
4.279921462486034,3.543845804289358,5.746697119422796,5.624756420933143,7.385470330832829,2.4842636881822244,6.462760505149985,6.180844122502927,4.715706926118908,5.67737463584338,7.058914963196715,6.744630760056901,2.7139613758525427,6.640316373510969,4.870622789934963,5.145748196031031,5.146393982003389,4.69951402240348,7.38341499421413,4.832564080301576,2.7609077432336626,4.212940288060542,5.357389433620951,7.4584295685941004,6.206189369897667,3.298929442505912,9.970379833357782,5.529550621955959,7.550781475998029,4.696571132845541,1
6.066718489410899,6.67893700903681,7.436389423508512,7.1147366107564505,6.744394000145956,4.369826537611782,3.8565079160878772,5.665215020648395,6.866256144682138,4.554558598446786,7.130343931428773,7.905233490972359,3.1673581618531603,3.32615859240744,4.719249882189327,5.615225336378392,3.9508659724658983,7.704405357734289,5.848133723036902,5.078894096481479,2.128180952262945,2.3683683671449858,5.562018500563613,0.7348087476903276,7.025274819288144,4.683692311255359,11.486185939189467,9.615832501232221,4.637101861504966,4.78732599493737,1
6.99116302800406,8.406345219836076,1.7239418851279664,1.4272490692906268,3.755930388891237,6.165475166347729,5.993747181015194,7.1395429099677,2.6006049432693836,0.3677122740622467,6.716028390604291,3.343607454069531,0.9630242712227242,5.2901274919187635,6.586351376437355,4.755885735757445,4.084303227635021,4.6812755357081866,4.258834475198435,2.3039057761196657,3.5706386460191366,6.042559810027629,5.643357082753,5.336119611933641,3.0097030362932413,4.636993675728665,0.6458699071142906,5.356953327770779,7.857715415627135,2.0517357359157886,1
3.8281446533644896,5.658213557420259,7.505685268854967,4.103550767399701,3.6154993414682073,1.0621537151678337,5.206876258616213,9.084152080287488,5.554716923929352,4.9554420416325735,5.644164621533971,4.977815992102796,3.3739712554797405,6.646559831355411,5.4515230462235085,5.035226503867315,3.0492679454435,7.607015863869519,6.32940549066622,3.894158325265396,7.003649707363874,4.004858323229586,3.4359930149779263,3.480593765039426,1.4578628938238176,5.9430847608364115,1.3377102433232997,2.5431123374684748,0.8488239818429335,4.8278606144182135,1
4.699359079456256,4.346607573627272,2.9148446106588475,2.65553249312672,5.928739727093149,3.8988961365830246,5.632716643072289,3.229502627751555,5.3621254855421645,7.6065560746321275,6.172331600785567,4.1751723635670395,5.514397940711855,4.518669650939574,5.015760369389456,4.348777895702993,4.671329588229217,5.42418670614835,3.0132826008360984,2.9682423460200433,2.222914892337578,1.7994577909925802,2.5654346155590413,5.318925013608259,3.214424969016232,6.0272289284621925,5.0694274975051234,1.0629915731238926,6.30995116844338,6.62159729118342,1
3.0122746503302933,5.840383085789983,3.287003525181602,5.195340753496671,2.4710031860900687,1.4137870949308464,4.234365620774063,4.752542107450328,4.204640612770792,2.631938883554881,4.200201875737726,5.538589505161468,4.910213939754926,5.365002061198426,3.6597695990915344,7.34343582943232,2.6476533268904388,5.975120594173437,7.3637821859199235,5.961816185497791,4.59495154587034,3.943405906674042,7.072175302092512,2.154050149476654,3.059751479240713,4.204884469016557,7.475307515023996,5.759535272081792,3.0639084829795094,4.379384589230193,1
3.771353711807411,3.58042201553293,6.957779117113558,2.2565137414729888,8.217561711468747,6.656459380369245,7.181723341207396,4.074120975949484,4.700118561841781,2.133696370950576,3.9506751858663938,5.987309695286302,7.592126123562792,2.7856863663950966,4.268988126029468,4.697401559534955,2.2084215956150297,6.1826984835168,3.552019336514782,4.609219297645952,4.096101256176245,3.421322988560651,4.985910029038891,4.568780842863955,4.256284235442669,3.5430767566393144,5.639049341565911,8.30723453698457,5.279774465678255,6.992236429822258,1
2.2195561496930747,5.315522878587539,2.805263362057867,2.046150144936197,3.5212571850819274,7.383798668827145,6.900031657339291,5.4860094441088,1.9345988802201384,4.607438697224127,5.603400017803471,5.351072459157196,1.3124128330385085,3.2193643039602566,4.871844471702567,6.072581819034379,0.6077443578001072,4.675752049040283,5.286097539757905,6.6992239770324264,6.385715168474873,6.165142637617611,3.400118986596132,1.1839957257533849,4.213894485877198,7.00326365041712,7.786909055048863,6.4210982045955705,5.858681645603468,5.759279296771931,0
3.887762506478439,4.73987941289276,8.338139051652663,3.1148839884162474,8.229557581419703,4.3559436910158835,7.650864218190157,2.1863699810049235,6.171808402329298,3.526459728104756,2.169465616151625,5.437068084821892,7.018943577191937,3.3101171228130073,2.0019680790831975,4.81631047133009,4.825129342445638,6.096639255108998,6.899189142728977,4.881169637455012,8.711006629588526,5.448469489070583,4.307146987986201,1.7768652817943442,4.474680959367665,4.327226109177728,6.920609592562941,5.924967248133708,2.6412617567347656,5.344508772822075,1
6.343062343458107,8.056062718775665,6.7750079348281185,6.521693308622956,5.120171989230327,5.776624010846899,7.499009801412317,2.3344452050407005,4.301121345566088,3.4548625024875186,5.758306237452248,7.460444351301575,3.8060514265578522,0.21939126506112405,4.17555850995106,6.826947464034813,6.075259805899759,5.8563724956211525,4.44001339625104,2.4419385275604273,6.030588643248935,3.3314363799307505,9.368193466760912,6.141014416709032,3.838703394892098,3.777229505222744,4.814111586772824,4.5209961559565,7.233667551059908,5.372832339488093,1
3.536736522182944,8.780881370311565,5.0986166630404455,6.537679351937793,3.7835469851104815,5.726231255489047,5.62221998228639,1.220701415807694,9.030550220921281,7.581288921845094,4.205609367708025,2.795460519088289,5.695123227607104,5.173395398828793,5.711337897126459,5.383154792388179,6.012481978611852,7.8946113987836135,6.136206410257293,2.9006890021801177,7.7251257054249045,8.281229126976575,11.30411346902417,2.753011933520804,5.48576402630055,0.8358025936220255,6.106298312758418,3.9035994036664547,8.846891589649907,3.450770059962836,0
1.6216339240654767,4.0574725185949605,1.049024457565725,6.50219890901462,0.8698339074873589,5.056915162366318,0.8443763602876064,4.359404390926716,8.286756311609068,5.72129578287159,3.273012790070132,4.937593022121832,5.036033744088893,5.945260691686811,2.266283273438347,6.185134547694661,-0.40878326320555036,3.7402308952723793,4.023452315096911,6.266653652142477,5.045261705353738,2.1888738922874267,3.0300137483659695,5.397360019094814,4.841865316270887,3.841751780728507,4.038332420976041,6.392335994318578,3.964614854261571,4.823817511941853,0
9.339873176161085,2.152634726232154,1.2963145368506828,6.567179329597213,3.6427138774117935,4.36352494451476,3.4376872437377717,4.480399718464975,8.197076224192683,6.604256917236238,6.724447023773954,2.167545888414709,2.6976925268942615,-0.6781573189708539,3.381238357834492,6.913406372771317,6.033893031496742,4.556973474095752,4.955399432563894,3.622228914849189,5.409517764803568,6.53175655896123,1.7682264251790545,5.599295375674696,6.8648697419093345,4.169799422073261,6.401401224241168,10.629308888945106,4.791314414026216,5.786614100010647,1
3.523885832677217,5.362502325204101,5.920543249964608,5.3896846805402765,2.9606093605822865,5.412723542650902,7.924391877435274,5.897271529029054,6.923974378143682,4.525976059974744,6.499800478847421,5.558535676433052,3.098178540625536,5.637042009597749,3.0166066731193792,3.734239450230416,5.378656614584748,5.594488546760248,2.621535069845742,7.107971542365752,6.144012556600946,3.5905431287782323,1.9248304071016493,4.710190841837138,4.10811257227768,5.226280914106046,4.273766677688867,0.9850862785099803,4.223306123397683,4.388761777863374,1
6.267322049548118,3.6036006507779006,8.357349346745131,1.1767188986964858,7.622334995605248,4.55136205824379,6.719169744687113,5.159602968117466,7.279111072050938,4.2252760708943775,2.8027591496443756,7.841008574542126,4.773038708235718,5.443116947248421,7.46950382808959,2.93608951581113,6.190981795278515,3.820210487074218,4.735661288711256,5.144557930768578,1.999556277106128,3.4423259143591305,7.702145784826278,6.772382377169591,4.87472084534553,5.486246917025786,4.411514988727085,7.713166771655964,4.599294844411673,5.463684184269696,1
7.29206028828413,3.445257030308187,8.117578368993788,1.9390771805132463,8.259284262225597,4.254648832096051,4.514602504349437,1.2199796576341142,4.090410565244614,2.9203869379462315,3.7847073092530548,4.72537806842224,6.9155832289458115,5.415206702801251,5.615353306802228,2.8089612223088753,3.2384918207945397,8.597450036702623,3.529597930473507,8.31241650411459,4.513877602238267,5.004575872287008,7.140730320459859,7.543784843877313,4.778374879441825,4.223513892956922,4.888159102955574,5.675915056464237,6.782607373739511,5.008459717988303,1
6.237772596046307,8.276719464541882,5.762619224529569,5.623305712009556,1.9621783498198644,-0.26146027365812685,5.776751458460336,4.8103515374382555,3.970434650170516,5.487060408372689,4.879192541606184,7.255560501267797,5.1722217365179555,3.5061534298596646,6.980332477918578,4.565737850107595,6.053073367344615,4.045178587614399,3.7003462290051274,5.168336460371393,5.025657287087371,5.9596540707336665,4.462708493380515,1.3272804324592054,4.1344522328232225,6.587636934287631,4.405247841513787,4.507233194970904,6.972753011811874,3.5760535454821545,1
1.9143935635142006,4.678737760949011,4.031652097502526,3.067507360493492,4.649243088202619,5.983011294493568,4.981422876864369,5.613962145372476,8.626815397030846,4.314242276884872,5.556697269289339,3.9815732748017307,3.3072805602260544,3.83018469316446,4.042482856956623,5.718951595094251,9.698151573401514,3.5679131274483193,4.166749388769075,4.873753973777504,5.791597697419494,5.52710162390957,7.5681915878962345,0.14721585892958355,0.22614025960865458,4.008243655979701,7.1946003750874175,1.8687039367888074,-1.0152646793875144,6.142358812438418,1
5.487314447405429,2.8195831864011405,3.02892079855814,3.0605125607306514,5.22107063494788,3.747369447633986,5.98812783795104,-0.7092533258087821,3.286296269744401,2.7478920781778995,4.487318643255016,3.923904483019723,6.595687559791533,1.281326456679885,5.090982952661504,6.116672846423411,8.71329487312391,4.03646805781305,5.6489172087050346,1.3922744148752701,0.2160875913739524,6.6895487515634,4.9888794127038585,7.357025379596846,2.2531942220605017,6.039804279057505,8.737635681087706,5.839411216714532,5.5531630111820975,5.0171121616487,1
1.8582370857481756,7.711145871420696,3.7782847203898684,6.008966512766034,1.873931386857493,2.641080670984439,7.870174798444471,4.305395422084314,7.906550952085089,4.843538681882964,1.3162044540842852,6.784135199463441,3.820215364488784,6.397377627034087,5.050421735080164,1.9137635441142593,5.328589530741138,9.3924462843056,5.985972917028919,4.884964493989074,7.150686803913795,5.4213369304062216,5.4190684605255885,2.816749655681795,5.467696051579197,7.07088683283389,3.3278756957999507,7.848991642493895,4.816587951709748,3.2244609769229187,0
6.995264153840489,4.426411528523461,6.519029774972216,4.4164827354829255,4.880347712940193,5.987120408668583,5.581794115180012,1.008936439096523,2.7575125198112165,6.858819969581631,4.735726822196906,3.9525373944571562,2.2828519694850513,2.840527357448303,0.9564027200761052,4.797438562596934,3.803124838837906,3.0668242180293697,4.8637531496640936,5.727941261705476,9.18639586441989,1.9762331608735728,7.318762086601044,6.946203122030144,3.4418145212465987,5.406471909172062,4.084733501324769,5.371377160837477,8.0182620268091,6.211212465262626,1
6.017216746466884,4.139381360090715,2.0318866701513296,4.583063578919184,7.41321630972783,1.9456642868207048,2.88982126364661,5.252535472468137,3.030690430305475,3.414953105769575,4.152802836543646,2.268765191619701,3.0517563075672633,6.4068558335746175,2.385260435538072,1.8042557310103247,3.7399500409322113,6.463911005019692,4.606156384006221,4.070837843768763,5.0887175950312145,1.508585134280696,5.989411307550065,5.766870062807288,4.181383051808558,7.011849023592833,2.7450078020939226,7.255817986507138,5.308987331190503,4.326894820243654,1
4.9602527292633765,4.785470468378117,7.440565792835434,2.846641745057973,3.4749615217068035,7.07260578414496,3.8089301296322815,6.801066154663183,8.398871966017419,4.196409946116733,6.362724653150611,2.692615437320283,6.509466596135619,5.3988479719735345,5.94607656432043,3.70885585592921,1.677833168865655,6.006504129499009,0.873193695041091,4.36529901551493,6.88236373283994,5.3837954717460725,8.896685289579626,7.050218305163547,3.692203223348847,5.054626759702877,4.905258594911128,1.8356464733077456,3.1192021670312933,3.8784781860402795,1
0.9275589942881268,5.094986936503286,4.501856310693919,1.6542121973768515,5.8084257305546645,6.431745489381919,5.454068957729778,4.35186364958206,6.18288430350371,6.360440720953382,5.614807139439376,3.350775499130478,5.553201531022362,7.390961301650957,3.8067418827765396,9.195878678264862,3.948738132029231,5.064814026680272,3.6550288079873274,5.446541671840522,1.5155566147294497,3.9079164023665576,2.8157575993028656,5.270676695784582,6.988894751017815,6.2920123742291025,0.25668127828221543,9.08413930585576,5.590559881241736,3.4470017190139997,0
5.314255837981881,5.352379645005385,3.6663025660968724,5.395833334684151,3.7850554247593857,4.191276014619954,3.6274417284898313,2.1346574205206945,5.291672940430768,6.170598873032676,6.029767192152745,6.639850505270468,5.648680420029736,3.934549003566193,6.679327728862377,2.28496492031613,3.1986572349750397,3.071599857153511,7.1601121182786205,6.885577028280151,5.97461047408999,7.1438597304235945,3.241434435176024,5.6971902397219605,4.749651143233671,6.693764207769828,4.769551534895605,4.230114223179838,6.08181703712198,6.752338334382466,1
3.6633096103063965,4.877848657295248,2.8831187327166945,0.0038779650141211874,5.400919262827458,6.217810712509264,5.524133618173451,1.1008765644912657,4.298301139847051,0.5633044798978375,7.7394022153083695,2.827890835763828,7.510807218919792,6.891739287368291,3.1988192949278766,2.73443009746451,5.700740432772676,3.3113519256338577,5.204969284316415,4.034344818386163,1.4376831710687332,0.539063961751082,5.453368496989194,3.8768845073387492,3.8938203661717354,6.3917276781875705,7.346884553264889,4.454910557276381,4.3188025861802775,6.000286066227767,1
2.2861288606008494,5.446306109495394,6.103771943644308,6.3604604168352585,1.1264945949950702,3.477289460382119,3.2434734943530668,5.199773908818426,5.961489159535968,7.993420814891962,4.010069039263854,4.004855003381572,7.2993440377574945,5.59315387706061,7.535303022375947,5.5774560060196725,2.6857667625734583,2.333743290444387,1.896975501882142,6.324103669516946,7.377193646174016,8.698724282772762,6.68621066464648,7.325677155069972,3.8399673346926306,2.6871683665122865,6.700158664835106,5.835361504478802,5.214888748681785,5.7747429612659795,1
5.646370964916412,7.567633719707123,7.589971169633912,6.0884407046806945,6.691605745125856,6.028125104849551,4.077660535930762,6.51312934982628,2.2110098622814767,7.107783104591766,2.61095412046793,5.571606573589466,3.309692083147682,6.1067779661488535,4.932149548144182,1.8104880836733352,5.8413992620369575,3.844158446334579,6.762293441626738,5.002651377468815,5.790841970776077,3.084862089969576,3.821335537145276,4.082722727797831,6.713404960485112,8.354754175610978,3.3896564965142475,7.153696289315361,0.6606451645485958,2.6116211978154213,1
3.0824430876264506,2.2949826211185553,1.83282322042484,5.825997824275595,4.5718646045442775,5.75881079521022,6.380945372243026,5.531233986345067,6.315526352300747,4.860935427515461,2.6260132233885107,7.115628361641592,3.821775734437746,3.1288074024751484,4.644164248391204,3.174378161406974,4.165139236021136,5.688107843126933,5.696683478492254,3.2043398671487413,4.02458925410251,7.148666009540488,5.992800235467882,9.150130078697083,7.360256347483055,7.288586137119879,2.224262899088396,6.527720703266845,4.8937863966061785,3.898036392923501,1
5.336030681065057,6.890423069222967,6.001663182008423,3.2430523973158802,6.484917827185241,3.724824915848072,5.433366237928572,4.393299865045732,4.562267496528748,6.5324859500810195,2.919612560368204,8.890390148553866,1.3578278614110073,3.804664633490286,5.740423779883482,6.16862833287062,4.799048558856589,4.885218593996915,5.821100170655233,4.5378610450846395,7.786362515869811,6.678698228463205,6.74564870201127,3.0676865532591657,4.841223151188594,4.3990681025585925,2.9887972486210685,5.7203283678915335,3.924708484440367,6.310807659700474,1
2.8596168742113366,8.438081225683643,3.207334682815876,5.438604674400872,6.583718620776136,3.858719139599774,6.704937286865901,2.5416328043991676,7.90423539836512,5.028298529931517,3.807177184062241,4.401636455145131,6.617838538785438,3.8310894162991236,3.501284621154445,4.556926804832524,2.646075774460064,8.641087815883632,3.8672108175705535,6.663233572360808,5.4189401672955455,3.030931899036064,4.988090581574541,6.568005558621496,4.623477329827387,7.386225891702056,7.043030785563728,6.837829709316659,4.080686455454006,2.840315104437026,0
3.772824789274411,5.392481881333441,6.091573427064711,0.656857190479105,4.9837735967765,5.316178450646369,4.444911487368897,7.582547678031758,5.843560148501742,7.6203838161617945,4.568078959299536,6.87495498501385,8.270132789055038,7.623386898545322,2.815716813142534,4.492647844915238,4.309670589100407,5.978509070152655,6.372707110029066,3.3222146519485274,5.135677027833875,0.9601453356877272,7.88389001160378,3.975251518646613,5.111727879688994,4.380700572023877,7.29205515002683,-0.6750128827947579,4.966779315348182,4.788362485004604,1
4.092727224816635,8.452453091271265,3.2253410822884576,6.543592354471322,5.712505577412167,7.523038505071032,3.665621830444989,3.534062201752482,7.192139814954797,5.85064261666022,1.9101253066464827,3.9213899710734594,5.772765307696122,6.675528443093178,3.64153869361409,-0.8285119796338822,6.046446371474066,2.5593586201120484,0.9653224037551773,-0.6646518499682816,6.627961720395483,5.257234900809933,4.548687238575496,7.778048725925523,6.274649366046145,8.232600085443833,2.214529055666007,4.930898752092073,1.7665732501039715,4.541235336289065,0
4.502768292466645,6.253227274526141,5.091127762283796,6.246814276559832,6.406880266277788,9.309857354766283,4.369406689427751,3.117954598667242,5.492167230632818,3.395439945720913,7.963921536873071,4.433563922109535,3.868847264252019,4.057368557697764,6.436834846943282,4.68450603353703,3.7166663597392353,8.330703835247062,3.2876603186765,5.071132148065987,6.304612303220461,1.7373297791658535,5.96052100281185,2.8897846490391013,6.645565561668005,3.0746979761620477,6.385538063697721,7.211666132589425,6.72287305126561,5.502633296476205,1
4.5373981141406015,3.8471608473303123,7.942069381634208,3.6010095596647136,2.9258678528600077,6.33073787006566,3.4077263936270095,3.099873005067746,2.11279147566047,4.034180321078964,4.834569952207014,5.486183455321398,6.902612488598967,6.053795847331587,4.61825556089364,4.60360864724056,6.020314937830367,7.545140325857139,5.2526283989664,4.061738291579182,3.014267997828909,2.109589471175549,6.3325393440870466,6.155957047279115,6.154727050213323,4.742681107295888,7.813869491783501,4.031763010830365,6.910538474414411,4.922514210020914,1
3.783298470641325,6.185060614635523,5.819272237367987,5.713945518533852,5.162556844112397,4.924213836566338,9.776743985740877,7.368513290392346,6.445653789971024,5.223598316406776,7.014314401193339,6.035989552782904,5.052409505548071,4.3928713494681695,4.838165324674623,-1.3408514717561113,5.421201678595284,4.023047839779281,8.185339996565768,5.038688141623509,2.6220731609300763,4.9002396917437645,2.9077578298749915,5.946814831424933,5.581894728678971,6.9156792622165355,3.418236416610869,5.068016192456294,2.2699564091467295,6.402989563849429,1
6.0377423608802445,5.991610042055141,5.003238062713883,5.829545781577582,8.208678216617193,4.429811485915972,5.277290367420169,2.8277474016371804,3.2634780768033353,5.195626586186615,7.207867093403815,4.487438351496855,4.528166941375752,4.18622951099125,3.930486658311354,5.589942911417643,2.005484709642711,7.5618791533334555,3.6691554037410787,6.443806970876283,2.4600028052122482,6.337680261092436,6.3438892156289945,5.768404144011793,3.0111429564004153,5.499096379196154,2.633887630531222,4.494473489807629,7.058826201910652,6.593403854141484,1
5.030365885080866,3.050386848154316,6.291175424348387,5.038762475396051,0.35936880353915335,6.565259652633037,4.951534332260616,7.4049024959661445,2.8094589623143906,-1.3534076263920012,5.55816771669037,5.583127353363945,1.618656744787096,3.0430009082667873,10.510435487439803,4.388778771692393,6.461917952752432,3.6986803452632326,0.8193942022936866,4.659483506408189,4.4687908794277895,4.200243522663257,4.770718328987215,5.528536543291273,4.699766097492387,2.4719876641052725,5.972369583123878,1.1012564893551535,0.8992850854315995,6.478360989403136,1
6.014040544270713,4.885209269851928,2.209102990489856,3.5841781186518493,4.474506504626992,1.8082120628517733,3.521942683953534,6.304660676353359,7.854610728578432,4.161130494682899,6.512976708632197,1.1718798588250654,6.318902482227223,3.392103170545038,5.6146912334159405,4.504495163520581,7.640828019567668,3.2511287033201635,6.255212595123663,4.440985073406933,4.6833890439806725,4.6322922136815805,3.308653791011774,4.971802068186657,4.874703555756357,5.482480496813459,5.169010291385725,6.5959890992244725,6.847017232094737,2.8987533563443977,1
6.737545001181542,2.627327145780291,6.17571177627547,6.239477569405738,1.1773662166749919,5.185958493058819,4.063007773279368,3.48246948412925,7.701704661398011,3.692641718725162,3.3872461417639004,5.1513898800101865,6.371179492596832,4.716702827979746,7.332741091338504,6.061951323928181,0.6435773605371393,3.9410660729859837,3.876315801296602,5.958721906858845,-0.24963411274822356,10.098019417435445,6.06205218978842,5.297753607835382,7.363135432838293,9.687308105625249,6.741493289176806,6.89762619294324,5.261380048928765,4.716948493266104,1
4.048409111990198,3.347776016570916,3.6259718006010053,2.2988880713140336,4.848257098629953,1.6306648455472263,5.3818330482874215,4.927338783915316,5.293870596773376,3.955736859960015,11.153720740361006,7.720231800360626,2.5109149998305544,5.465736174853797,3.783987714125353,2.971040546585172,2.31985585775213,5.8644333815185075,3.637239529860852,6.935652048050408,6.987564429060878,7.747828770422899,3.295226467851793,5.950731221384021,6.264908433284601,4.05164364979207,3.45645608521425,8.219041331551946,5.4549917514641075,6.271935501423476,1
3.355847976344145,2.5614310669556124,3.861100451015779,4.751957225220006,2.8715599863653023,4.980310382699234,1.622989623863,2.7599051550602556,6.34182249655375,6.207581040555788,4.216246469226268,2.964471381846094,2.945192896947978,4.253463508117372,6.289036983290583,6.856491382688649,4.006936529036062,2.6930151480304323,5.535687275732666,3.352930058748301,3.963494722277595,7.650552180874075,6.654230857131536,5.315948624502903,2.4561619977745544,5.422793134941318,7.1253145815750525,4.248732668468929,7.70222817997343,7.5854905790364135,1
8.327465664286947,5.610486253062706,6.174783399612025,7.8283745766621795,5.894787874137951,3.9975317844195746,4.102914326944277,5.4771099075474785,2.4188771561075626,4.7134821692716145,7.1930942364605075,0.6174922976694379,8.06896420358903,7.244748437406319,4.0804707683390475,6.08678165574362,5.006295453812653,7.459980736877366,6.965366285539883,2.1998585536339816,6.174524826928353,4.588744292713505,5.1656651410362,3.543656198060369,8.49627413824167,7.0801236398051515,3.5204576720540652,2.330778786179535,4.228654738044304,5.869005292182612,1
5.480411687892446,7.506265649536487,6.5798394443617045,6.939138051505814,5.653710801220875,2.2214025395780195,4.6086029377061974,7.120179479817331,4.896954142950708,6.006180737247494,4.362503369507734,2.94037630291631,4.753311871907779,5.6180948860653075,3.6886245610771127,4.528577510286663,3.1210735160280345,7.238489835128192,4.411088484823932,7.905511090252366,8.057495701081816,4.837908070556512,2.9831025349053006,0.8282042445333255,2.055925853946417,2.25233035020268,7.75693925492301,5.231649174453892,5.779209048183976,0.5591579821297481,1
2.604067141565477,6.7741595528925735,5.573548224765172,4.705589442628805,6.129684717200245,8.27159561227163,4.557915072925899,5.138739605316139,5.3851938374626105,9.784219270547986,0.8012874711619489,6.366446029577616,4.770395502481873,6.133543452368359,3.6852548920105512,4.902069938283099,6.42282115893099,11.225820402087681,6.616072378804143,3.3038688039389825,4.152480635954594,4.093171783232292,1.40871365473997,4.339819616597126,6.46565816364349,2.4515357618464098,7.096965302101185,5.9755496421686765,3.531533356057924,4.716940725324305,0
8.196643615282067,6.467095627011732,5.017567309796296,4.524633366078032,5.153218140903319,3.976472884115393,0.7905009885619707,9.084355821069462,5.310649998398803,5.796294530245074,4.884184500246183,3.529766398550824,4.628151038102459,1.8012104756113776,9.554172996106608,2.530976003155208,2.936067432305641,4.119481591227199,7.576151449704755,5.029017998525308,2.527728407939075,7.508676721514679,6.462001253570962,6.076869914432905,6.431468482341681,9.788723801164902,9.370189790072224,3.6265693139934094,8.247769985622305,5.766336379517801,1
5.998191632275499,1.6154583367133428,4.659228469223608,3.3743528193268704,6.6561176297866185,7.14216100080561,0.8510272979673772,4.955930271991459,7.243723009588504,4.62664207537311,6.458127290004729,5.702330935254168,5.683320463905253,4.457370043863405,2.566838391728581,2.756939705149945,6.418705028910635,5.038916511037766,4.722975510785551,4.152219915355295,4.389622309038496,7.093823588976279,4.329511836263946,2.3178705733968625,6.4873035510803465,4.590246672270566,5.062791731065553,8.21515661279902,4.958878885298986,5.57836734623745,1
2.6421530174033494,4.56066109529808,6.219052090417202,1.8892525323175153,5.401690186231419,5.2015821452896125,5.082574911174879,7.074317797316486,5.668877029697043,7.9561437967128885,3.0128209688119276,5.271849134436696,5.168933572779895,2.86149101248984,6.912590004182692,9.649346611705635,4.965987851032338,6.010042176547534,5.1690369516306545,3.572830660185648,1.3584794443959676,3.5884530338092695,2.2160832380965374,8.408204156118236,4.769780612153522,4.308161341905659,6.778307649575612,2.756497794288224,3.4662719239908952,5.136144538497242,1
7.057537982846961,6.003370090337576,5.496650285031764,5.156235470472033,5.80047171105355,5.40330581025851,2.9400554504461285,5.092158443266302,2.852622682164495,5.1621650858016475,4.038704117023517,10.078763245565723,4.920211232496576,2.1915208674768225,4.731639578646151,6.038717491275776,8.346727892305047,3.821095200122563,1.83514405195272,6.633674022861962,2.2388025882006977,4.12768911698503,4.4847590289780115,4.860733093399784,6.378328914148671,3.6327314354272247,4.452541495666479,4.971459294101223,5.2991959150375765,5.195654349415845,1
5.872011550445159,6.6876790192834745,5.785268231301936,5.907171047018437,1.8355536665070447,5.100455398331361,5.959015096003217,6.4578823891409005,3.6152984515324116,3.68192145022271,3.851798649432803,6.0728277997826865,7.067762109848417,4.1850797854167965,6.815924627254098,5.246959618329188,4.751428445675128,4.577231540364062,6.493222729204314,5.65115563357414,9.551650855295275,3.2955507140053517,6.036203404059951,3.941597980376974,3.261426026022712,4.978265725930056,5.274704958814072,10.836347110120185,4.631708368633596,2.739642541030633,1
5.546021434988772,0.8507199249072634,4.816086434791468,5.032050564590321,6.589200765890423,6.947244498855694,3.992860762184565,4.698771970740134,3.4677583387786584,2.743874890384612,5.619789558761269,2.4528289028068015,4.170746198856274,3.0096520802015254,6.099366372580519,8.602860198532976,2.3968240343933376,1.2939630342048618,4.750226229299865,5.031395591915516,5.437318613514595,4.10735896953131,4.5987214023491365,5.735020821081204,7.080861785289677,1.0899024593634343,4.262121121937076,5.427617587882127,3.164047790778528,8.462339263534599,1
3.7291802395425258,4.917414625985434,6.112044193684581,3.817430422396211,1.3068539043911658,4.142690946166933,7.058881111854081,4.326209746429723,3.307131397082043,6.851344419005443,4.338450207953895,3.9796783726995653,5.298912179326619,6.5415004192375745,9.763427063465091,6.654472215314846,7.319679932776689,3.988067602024289,2.9482637880610474,5.124662699238246,5.214339830519193,2.8429745172708056,4.6494109401919745,5.798635203438262,5.72078679003616,6.008575706768545,5.5819294602748855,3.9859826814598884,3.972198746702314,2.602097204012248,1
8.56955007837019,5.026900729238586,4.550293888410296,3.1424158370950828,10.871315804655556,2.853343935554209,4.142304148787853,5.831673672572121,6.200425931488556,6.915864110431368,8.615217015538526,6.012315310921425,2.887938400066665,4.486109749756437,5.61566474502777,9.136452083011648,2.204389043151406,7.405153010450455,5.359828739092833,6.675661070458961,4.796010566728136,3.3151347397473474,6.501745558802664,6.308862054211242,6.944113931479444,4.9733907292427295,3.8003559533603015,1.882426009952317,6.638746536278813,5.847778964887972,1
3.0684347342720812,3.9228526534067516,4.0664823760971185,2.0340311360351637,3.3646352067897327,2.7323392863872917,4.175041976224127,3.5226050033408747,1.7459901582665025,9.045180461138962,7.505081462058461,3.441961156960029,5.54484279330722,5.83493017964259,7.382171709546954,3.3627899466798428,7.184213567964852,3.90418939158613,2.3282751916627733,6.448273118628995,7.581516848244856,10.175817947061368,2.600549469819573,6.397839370161577,4.180397512412934,6.566717421048063,2.059020897537499,2.474460448602872,3.4482503536670324,5.157928091336169,1
3.717837466923289,6.3181086878268395,7.053789236515829,6.199155082490711,8.237575279321735,5.831653258910686,2.566206579319666,7.726753027076679,3.789687528788005,6.82083699937114,8.147468433110213,5.913376021460798,2.0076823736707006,3.163575666980417,7.645488933770271,4.661754628714367,5.159147069884332,6.517648832327218,6.392645724160647,5.557599624770921,4.5826632575590684,4.374663108535286,6.715797650582686,6.1071390621355865,4.485399998764421,7.164224625986281,4.741931769740432,3.2966756513312134,3.4820586021933106,3.042518327380468,1
4.455179966792626,7.467448556672386,3.389809637938982,5.376951522036205,3.6866213087451736,4.4793819174571246,1.9799175760294956,4.558923541686926,4.612589240390076,6.08057588807139,5.446561826510741,2.6032157500959094,7.168396488087085,5.42060608044399,5.396787034354974,4.981635293229722,3.9644851055555606,5.435604679497452,5.9511768718571645,1.5062086173088902,3.9224783253078086,4.490106059192821,5.512341211388557,7.386622011854252,3.4565183708064353,4.004076306364316,3.9749317787068996,3.396944819790917,4.305627009775475,6.541604439975942,1
2.8923290092713088,5.855628790305806,1.596195539963329,3.877324007115588,4.341021399564028,8.34971934582813,4.450395390494624,0.5975130530981634,1.0022221862775003,5.068059172693362,6.227541711579818,5.750911715254506,5.33514021160198,7.324519195011334,3.9208175585257368,6.789821112053651,1.7359702299471653,3.1901043341238675,1.3859172101363675,4.450309398660416,4.907477565467315,5.2282029844530395,5.123766705774271,3.1448933383765443,4.619518311173569,2.005106662788503,7.726457950264501,4.392747854203998,4.022227761912617,8.177880656888165,0
2.5155069329015416,2.748825771936062,2.8075593502628697,4.864257236601036,5.863263259275195,6.479350936235667,10.143990634989937,0.5011350915984725,6.217471178248834,3.8857388548555374,3.827169702222453,3.760455743492245,3.1824606583840533,8.369049669206904,6.684594654027805,5.04639195711475,7.702031504974,1.9749420694022488,2.3385897373381477,0.6440645356106245,3.601170919753425,5.323397053409506,5.205717155864668,5.298683822119761,2.1778863378678364,6.606309485228044,5.479255036477996,6.466108562931997,1.2144756448198963,5.62298171759558,1
2.624469520164946,4.205353494897277,6.068729797272766,5.182187212511827,3.2969200404413623,5.012546312368837,1.9369293695127139,7.300534791796592,4.589431961007498,7.237099888510652,3.946936625807914,3.952848023186834,3.471626426724307,6.7523478633861505,3.581137685343048,6.289190864830353,4.23509520466142,1.0480734002167607,3.859371864427068,2.6417835712743036,5.067805447364675,2.6191845286510196,6.851950201429234,4.817848279293946,4.644808010482522,6.311784275575166,6.927813868151725,4.959802496460696,3.457599400901419,1.4520607677757411,1
3.62790048592964,3.765575506704077,5.2141149059845935,4.309706237723946,6.3758659441028565,3.774033457458621,4.885917666294117,7.367974886393778,5.683650427909933,4.879924916622871,3.796111116129646,3.7335372065700456,3.298773494096104,3.917986268434201,6.511331677488629,4.556223457415463,2.300453861237538,8.536338586119566,5.639930382290326,2.1861131989736613,4.116302145518352,5.221772765656835,8.409184186594754,2.7837750834822614,6.952081438711893,7.7989728539446865,3.74269138985086,4.444972762279533,2.9273815052524594,4.593077717839391,1
4.926820051314138,6.319299996164741,7.1803669420408935,3.503807870756706,1.065349871548011,4.957510441447516,5.587075059937281,5.498835375370083,4.346653504981912,5.249504199327869,8.030889616704496,5.763468337925018,4.253263149993831,3.9996043658080085,4.660295284644539,8.273479923661279,4.633398580947605,4.960411310958584,4.035372858127394,7.197966714883929,8.91967450948935,5.901226098862777,5.165545807570852,5.073565666348469,0.2313864224285087,6.4903017285696345,5.268332831991687,5.85668410132145,3.5770756118325906,4.231086242045817,1
4.177950126993654,7.043245968146078,4.242480326793814,9.165320644219594,5.861724838030074,2.448634680008537,4.742907413496086,3.6966497556871687,0.6112350603599515,8.19894188022758,6.406285084440007,6.066414635798625,5.330807320599408,2.2359648626151247,4.0327657208891265,6.683561549568026,2.8975599404349945,-0.06353863250162739,4.545787984438148,4.716484891944923,5.2711268328294185,6.457037287029072,6.275211624462417,5.517539610487844,7.391062776173419,1.9620604383733706,6.009163628954781,6.253076726673885,2.520875427839521,1.9942587826352214,1
3.508115747048797,3.676917114969416,6.506838927004861,3.77092243261781,3.2873029634375923,3.776732526610882,7.237264668308423,5.0260867487539045,4.641497949286176,4.7799890025978975,7.584120668653045,3.5016565467935163,7.631016581880208,5.420992597843007,4.679161236049304,10.001800995868564,2.8887210204028073,4.292628480865988,2.5351375216719996,6.904923941072338,8.378377867303358,8.339845562809277,7.447897506292009,4.604759064408069,4.269518045020307,1.6576604550118699,9.071747070363585,5.937956156296935,4.016086190261034,7.656113777973935,1
3.0544709664799985,5.813244068445348,4.654741731418331,6.277354279760602,4.872852921627757,2.0981442177775516,5.151152745340076,7.097728283750724,4.941567188292029,6.550230243178172,2.9089410286518937,4.947478413460296,3.7509790898228452,6.49396168020942,5.062983124523991,6.380147352673225,7.175420852315732,6.383237150242777,5.546236868587289,3.0035754829771895,4.994427778666197,3.9338191959683337,4.3118720865915465,4.250931698499498,3.0401488504355108,1.0853228217320203,3.6637139033444663,5.386758903848318,2.3036459091450197,5.031364472943249,1
8.80053684862193,7.0461131105044785,8.28708301824106,5.782255753865453,7.335019645972892,3.552070539064425,3.7113194659560316,-0.47828041227494555,7.372290948084598,8.080647959639773,3.8936455093054603,4.49209658720553,3.4922757726180773,5.765307102954983,7.249865090606482,1.514456052237918,5.818877061284504,4.446656456561709,5.226788783933379,5.917988003348582,4.623595122454358,4.792826293188439,4.572249664890722,6.940632403576563,5.837519920254993,5.441167075474722,2.4580965578154346,4.242840513573691,6.797338320678349,5.075393146247846,1
6.319062939178277,8.533023600655268,7.077212138417633,5.1863166753994845,3.9780216596085456,-0.10709919211179653,4.663230155054295,4.347975008366301,5.780732388790751,4.692189546050625,4.359229881126411,1.4412021389855587,3.120064341699867,5.953302081601115,8.431815262265388,4.804949232508753,5.655622147148247,6.904956313905611,3.3782121275995003,5.733628086570884,3.519019787335683,6.729648876982022,5.302806095903465,5.596903627962879,3.434802805162822,6.41406471922157,9.169425842462033,2.9841766091435877,4.320481984704952,5.463214948336184,1
6.572812423991633,3.880907429421062,-0.66606058028548,7.71837898832805,6.521012239168285,1.5141049390266699,3.7848624164408884,8.136364859054652,7.895592836915732,6.877280045357889,4.647775132080275,5.16597483762502,4.738148389747747,7.256479566537675,3.24831518700978,3.388400690231591,7.020549173672031,4.911277088976877,7.7569347109076165,3.6569755860389086,4.89044327932235,3.1551740303120934,5.014725362847134,2.042906126002402,4.024733158090075,2.1274922701437644,6.387846466382516,6.433178679519303,1.53947453903131,7.667771491001146,1
9.994830252839709,5.092012773472682,3.71777147955071,10.648661182006093,2.3620630033949785,5.0402129337381965,5.359244545263847,7.690295240904829,5.719477950253577,4.002732208423097,3.0976312592240878,4.316356359507729,2.9861452781097118,5.0956506395693655,3.871607640279027,2.0119244134204988,7.5102915767498075,4.004654953141921,2.463726390049375,4.663481731024917,5.136743131935318,1.5070665488419328,5.663295334251526,2.905684862619471,8.422057618381576,6.047921024153469,4.2002000197813665,3.509664459365299,4.790064584872752,6.22558148316658,1
4.949011742829601,4.565682385726287,5.116740581635791,3.7922821375260907,4.313588146313925,0.828415122189992,6.947452461704735,5.597595560643524,3.45308831193314,8.797469962710478,5.174032960784773,2.9277128560496064,6.713474842940917,5.7960964330185245,5.789159970968439,4.148488790696819,5.90099144755607,4.476483419557811,6.111882903291685,1.1901110919787223,4.132253074041622,8.444310195616389,3.465865089199399,3.7923234050136267,4.10407732310005,2.5703877282227134,0.5834384475434957,4.538827202952774,5.271718848163314,4.894989862922696,1
4.7102428761042265,5.0860817417007755,7.045682943101529,4.619107628141567,3.8518348458254605,4.437749030223827,6.158693519513552,7.824053757086499,3.743712521661643,5.197867574057767,5.676714883871919,3.0148439865423544,5.040834334425837,2.06865228531581,1.4618993925212025,5.733492815784514,4.232250517338434,5.404560815242438,4.9642100459833,3.0471999026724053,4.909491396071327,2.5337973899702897,7.781944716002801,2.2880593102800724,4.6084294580628375,2.915456823905503,6.140842346721591,4.337137257436995,3.9626665607575795,6.706403090103109,1
5.058861183355105,6.033288891871934,3.03734812696507,2.190366112144986,5.214415924080267,4.362307289010538,6.2528693449078885,4.8401830946749005,5.41015067846926,1.7532349401175131,8.776873879228514,4.671516029935936,6.395173940678398,3.327816659560747,5.616019804434682,2.3943104729505094,5.904135676519342,4.288051831228334,5.058381007871135,6.395948060260195,2.5349193775594396,3.631016538774406,5.9146485621735305,9.196442949093495,4.723835330677036,6.182272235847865,4.7860570602830395,8.884491189512598,1.5055566660694888,5.189242089338716,1
1.748911932875878,-0.013143141073433284,5.594924106235633,5.278995592294918,4.430326124515597,4.787611819920493,11.196598868142516,4.483649723937131,6.02024872250015,3.701270360772238,5.590465150081206,4.523532649888765,4.17896303454054,8.63779706440065,7.354369926368678,5.273493294798461,0.39157612811206643,4.277981553494861,10.406055128810166,4.538676666720583,7.206435144107316,7.883884803905202,5.43792783171195,3.316356736263695,0.12937533643422316,6.368326417217909,3.370487994352904,5.352300903775384,2.5003593208212718,4.469524919059595,1
5.067438109802106,5.537187162088596,2.7703556252951715,7.393821897522704,3.8062104305360576,1.6510610790935094,4.781953160073073,5.0687506180529205,5.321178866343519,7.724264807370158,4.527102326528281,4.760760751262457,2.793631237533813,6.641107005775794,5.368618128156207,4.159944545411675,1.1906506130690726,7.888824390110175,2.5446400710878856,3.8174439812605887,5.716689022152006,2.606884142766627,2.012980443493713,0.7521048345986703,6.441993905811271,3.909627510547356,10.85454018494666,3.0112898687382534,3.1570979531421575,3.869214059429197,1
5.486269310276978,4.059593322429377,6.224664428005024,3.042823220022691,2.236816563072838,1.403570521181785,0.5528516641256065,3.9638619610498864,4.398039375213556,3.7371259450336334,7.486811594374323,7.45606041921627,4.330394025110996,1.412157773616074,3.8665897838898946,3.800357212165877,3.685730075443884,3.6045621922035105,3.6930742085503856,4.226916768204481,3.728917802368887,5.416645017251184,5.720737431809722,3.1787098256350204,7.542130652014067,3.039875396318772,1.7643987723693257,5.761556142730104,3.3651837311713204,5.642582941514776,1
0.19266279779893924,7.784911882966135,6.344586816080804,1.9990469016739967,2.0424457523074286,8.344531808195056,3.525240193004083,3.3316303025347525,0.46789581170143446,4.298443588796892,4.544560770328494,6.4309861935389705,2.201843143631049,1.9594264155187808,5.901925269552954,7.01346014245413,1.8576952977642338,7.163028172599482,5.075083682973643,7.183610678149291,4.859559276964767,-0.044555834975900765,4.696065235367922,7.12028763734254,3.2125079618325714,4.2240700621850955,4.647732992898043,-0.7990277597369637,8.342695150874953,3.1972486402056512,0
6.011470864945598,4.826597727703582,7.51523811271872,5.812112244856162,4.530151456958051,3.21296981496144,6.595701402764278,1.2531173920907666,6.291780840551785,2.8019104968902546,7.50456732391328,5.322599085325391,6.288247535700218,5.163977627649439,1.4952458097180066,3.278541673209323,6.344778675222765,5.333311634719688,7.361979810611344,5.806549126074343,3.0665962185946807,3.407871724558732,5.205834781046474,0.37191186799978926,8.34688377124597,5.883493472755115,7.454069194097745,1.838792118381662,7.489130320710512,9.462997822055497,1
2.358243289245365,6.542803589807534,5.002219889374587,1.9111323035035115,5.985767943703739,6.667206409674697,3.797746894662306,7.331833040510446,1.6664731864216047,2.0104877071007117,5.273194791177505,5.050770555944544,3.56685302315179,6.619188871943772,6.0617886284318985,6.716278141868032,4.753727129295465,6.205160535956682,4.108699393940011,9.107637380173191,3.3749084597560284,9.210594858916625,5.069775894178817,2.2489782208625146,7.736158700977202,5.251802776789918,6.7022481967604755,7.447711837085187,5.675911108290051,3.8155183103743706,1
6.951426755338501,5.001511014909191,6.3717156372168375,0.6925388524170772,5.893963434019704,3.72282834970994,8.306619274357061,6.2461746957781905,5.4797154916985935,5.972619986700443,3.0031182942465637,8.246513381056108,8.982740836833809,5.785827021096432,8.180807137147276,3.8617036026549325,3.4057728675500387,5.081849497457846,5.869882076735797,4.212026637513759,6.075536380736968,5.612778964146828,3.0033864494178903,6.037586034903443,6.727056485043042,5.342938635180782,7.305296206523385,2.565192413006096,5.935900844263704,2.6594385872064503,1
2.771837283533825,3.7381383325244197,3.1158796328515104,3.9040083625177244,4.571699378577622,6.674308972662769,4.357681922588595,1.8287485864608146,7.280135692990321,3.325819732769921,4.882559145790743,5.893073013881423,5.399220836805566,7.1883590950429515,5.958006286785518,3.277380840605784,9.357124347983323,5.388666926676467,4.7053195467569875,6.927850846111141,5.498901891860145,5.798456385878654,9.984367997201375,4.449757143489907,4.364478211965208,5.233157024024927,7.143031871162077,1.9869319396192018,1.0688882170469896,3.825769458759705,1
1.7321540818814256,4.150337304948723,6.004999392258581,3.218502272895473,2.146346846437315,5.1386743234306955,6.7250869692303406,1.6100531229667747,6.640464796611968,6.634612407476652,6.908170204313256,7.4369604297433725,9.404027849319231,4.287815902761889,5.219143160155716,4.167123133503949,5.003953689511621,8.065746711272624,2.3099710321386624,3.277900655668849,7.754361873009122,7.04007301380418,4.273736706365844,6.70880400224144,5.682431684984066,8.000549218001975,5.149019187653545,7.051264227745165,10.28402382098524,6.196198310094933,1
5.098656331589687,6.444893970441958,4.26943828359223,9.775935411049463,5.360142075391963,4.454133359548974,3.3286219899599274,7.194440383212877,6.734374825655477,4.005291257171813,6.152902690244845,1.9828880635742872,5.369941150146312,5.905512704153389,8.414659619118446,3.458362394542621,2.4432947423953513,3.2091440781499165,2.32686299937016,7.673314715517966,8.097278590048074,5.640433155897658,7.442589891370297,5.26791676116047,4.809776704598468,4.333924761892477,4.379218017244869,1.9043968873819375,5.528509527214678,4.919332179571913,1
6.490721448155751,5.187046992877219,4.6745925968618165,3.2576139399847386,5.144306473643523,6.476474461632324,2.7133220178322786,5.174947507361479,5.466085903058968,3.5638704327634714,3.8242873901839998,5.461221697532429,2.733157963414754,5.699847430498785,3.2092912526816,7.125707386066432,9.675655490776599,3.2784863965963607,6.068415724749349,3.5465161902359617,7.081908347595579,2.46948318182957,5.961173516855426,3.2540220662212946,4.586030821803263,2.937949449705386,6.644700941791507,3.326039291120826,6.103928518663655,4.311803943475335,1
4.771055256402274,5.295511814800257,3.4763506566823024,5.420734227081774,8.060669128708822,3.4438104283345714,7.34362028654769,7.996195266975569,3.367690021943912,2.089890789818896,5.60392180034353,3.905184954466254,8.737206438326005,5.0696150809996645,3.3956011839296414,2.705680977976577,7.179809918181661,3.8576320518316267,5.087657598920856,6.911605490224962,4.031483296138339,4.908142342519679,4.966863180354959,6.366649023032184,6.181488671020651,4.559772537490343,5.127298122993035,4.256441976953023,2.0447751861611105,5.515201714796259,1
8.784383521666136,3.232561718617874,3.453940580794594,3.2585444567125172,6.449183557446245,5.8969709083928805,4.682924615167087,3.16396187672207,5.184753583279848,1.8707557453283914,5.286853133714986,6.743048772175868,2.4976017267326442,1.9349634463406726,8.15887578338972,3.77648072099083,7.271895691887644,4.692004669604336,4.676090366117345,5.87682539899329,3.232002286507119,5.264994286991291,4.237021170351815,2.359013113189937,5.674964149452798,4.473384386244168,4.6859503431105844,2.5796781131716844,8.182800735525609,6.753428372772232,1
6.928311768343957,4.389110595116636,1.5416342209931595,8.905834764979021,4.877804983988264,3.5024004079598923,5.833603148966228,7.334241576006595,4.953898887829068,7.557150335878749,7.165999877033737,2.8472376251958833,3.652419788681047,6.915074326559535,-0.42522512762087583,4.701088613670023,2.1383375967506564,4.04689239713295,4.402359821941592,4.283511244184984,3.8954774957747826,2.805712700742372,9.583822533637372,8.734924008322702,2.675868359487434,8.164233502607134,4.2010690190542945,5.258374946663421,4.873452080206168,3.680502717492068,1
6.967704687212294,5.251773061153315,4.046897153561517,2.390821112399055,3.212809972561759,1.7172397687958063,5.024447096830339,2.6066688154312083,4.468878974962918,7.740203707220742,7.398599145843171,4.935446211794765,4.8258305477137,8.759749098842017,6.041512240717422,4.344387080246954,2.147963765759096,5.787746436329487,6.658647545165724,3.7366969509727124,5.582405510276065,4.272853410169942,4.631935201601994,0.024355884875337352,4.556437192567729,6.938738604816109,3.737194888866884,5.105052736430633,3.488098586616159,5.720883352585545,1
4.566953604927653,3.1215169186359866,7.665102935330255,6.85786402706443,3.7901864721436507,5.995576618835555,6.074824005640761,6.284602470022352,1.6114882080098445,7.013213082065256,3.860602074148537,4.284344133117466,10.2757635045204,5.603746761442023,4.227355049105649,0.589411254488188,7.779528267892712,2.309580658382795,2.993122193000993,4.337295401824302,7.832823583400585,6.546479973331518,4.68432498031948,5.616584127277642,3.7992286142577885,5.279307379130701,5.146673489556274,6.937539791362706,6.934356244877899,5.98795476441129,1
4.275304884907795,6.483644588780253,4.816063067593907,2.836171262573734,4.1934244161781224,5.169053967568649,6.820431567329491,4.632943655685694,2.581602577520788,5.113483366593639,5.226912080113105,5.3716752578055065,6.83974303190886,7.037846480179796,3.811578255236667,3.7677130839021133,2.9196025780890538,6.397631340560952,7.8976402166754305,4.369836144182154,4.5171388705500135,7.933565113797952,6.011115706430015,5.8724714096021104,2.6181669880525464,6.357456138558838,3.1417273189804833,2.7319596281300838,4.306456846466576,3.8284145531026197,1
4.556800611229922,2.1180367309501626,6.9176326129353445,7.2553725890328575,1.1053150517183714,6.9569156113331,3.3789427403567474,6.713951073965572,4.863107014667169,5.057551128161998,4.629804701157562,7.424258408466972,2.5208239749499435,6.215680677470017,7.202660329779101,6.432680161080821,9.649397828646835,3.9421064745506023,6.9146096451870624,4.787818729317159,7.466812152705339,4.9846220085572615,4.224248436275061,7.6121444077432585,4.01687612196214,2.1745484821988876,3.966306233652343,6.238065893177065,7.784077503174183,5.222258750593024,1
7.63639413446805,2.283650157044813,4.113473070364194,4.422849765691797,4.770881145054961,5.168188776500393,6.3818219147843855,4.11038632365902,5.278057373906251,4.909754219351897,3.1482201922177,4.772666621837129,4.712680940205764,4.6698388699939075,5.063518913162902,5.151347081226772,4.13540964178534,7.5454294679425296,2.6610387415939667,3.5580597830602074,10.559927248447112,2.92401729002154,2.2924906505804827,6.468953490002436,0.845760292452252,4.529452180055122,9.291649850152977,1.910128155693199,1.0360710285225734,2.0016375960846036,1
6.796719136693971,7.249553439971625,3.9748224060429824,6.3664248080021375,7.7805106550239795,8.57469282885965,4.507329437640304,0.39705656466002637,3.3582421551806263,4.146391610129485,4.482122406843219,4.624281197982561,7.237789195861339,7.548856853375163,4.656652692150433,7.196969752103637,5.7153227332621785,5.129011945725144,6.813088314219928,5.144504096475831,9.115622354195525,2.1231776664108817,3.9696582018159647,4.7469622060921,5.878905380915981,7.535920974206178,4.951202865527686,2.1555407009875855,6.685027792910009,6.509917532283929,1
1.116282681241188,4.992391732658401,1.8197163386394042,3.670697804995875,3.1943821460744006,6.6185293964839715,5.233660348344368,2.4288179984879448,6.760131925914685,2.1323883521431712,5.660227580941887,3.3719786614168887,4.26864583493896,6.008541496076768,6.042898798119058,7.673938147111921,4.835492600657093,5.612901725926681,4.12452535519135,5.363979765245595,5.878972096017024,4.803380305091248,1.3924990318150074,5.66294179266179,5.729122954710914,3.6396530473040984,2.4312259278549715,7.951758301007931,5.982891021788804,4.541837938156581,0
2.725934233705025,3.356370343157308,7.605180793572464,5.275323881736092,3.898825865998587,6.019378462449312,3.3712036251073525,8.001686060560758,7.705601069793451,4.066851857594447,3.7426595059382795,-0.23626639738455957,2.036838456897264,2.3210604500844876,5.270380681974772,4.347532591117281,2.309329025169517,4.437671915070886,6.010674295294697,6.055678699831175,1.2006594382822375,4.743473039032338,2.233318446056779,6.803457394280548,6.568292832706997,3.203945547351083,3.4679095951992003,4.077465899003386,0.49441321053732157,5.671936346881154,1
4.454310907319739,6.940350165135718,2.8031815640748947,3.7617541035001367,1.9869494839217694,2.9914188730114937,2.636036007863562,6.991947357692892,3.6034763024972154,5.248351369489227,4.238473192276391,2.461069467974374,4.663399153656715,6.1982066637271895,2.5844812149132954,6.618225581462758,3.300558157044607,4.034032147854319,6.061366246020095,3.673127685561024,5.075149718671732,4.370618342423815,5.258736013407637,0.23852178895300558,1.3406363695838341,6.231934012093676,7.0743628112981005,3.1790265929369577,4.511943295657732,5.589438505804603,1
6.386435203317408,0.9446454566583027,3.2279195060432455,4.33484124030025,6.406280394472098,9.99686096744299,4.5439885463805645,2.1860450757920225,5.804536154402596,7.64199157908142,5.216028241959002,3.186702909691414,6.915987882960038,6.3270912369968695,2.947838311608751,5.762851235068684,6.994531135317745,7.363780085117787,4.867102049381088,4.283841107641362,7.454547644162526,2.57967899403823,5.877158581842011,2.2599467452711415,7.130752544519206,4.483908968777677,7.537166471294938,5.982825512711054,2.55355953987614,7.849255464154487,1
8.102490532855459,6.7645729851984315,3.47682426992756,4.3879720912851825,5.290854434811519,3.5925792013371334,8.384693144926409,5.288652943452074,-0.4066960942147144,5.678711625512441,4.303685206365373,4.850146887763104,4.2627612684286005,6.614092833213375,7.239375557106762,5.566106324517308,4.321377625723682,4.917325590381659,5.039199233155257,3.395139920270326,6.15785729714247,5.920084647720932,8.080882479553347,7.51069956057695,3.6286501648197396,6.640596749017929,3.0980932338110567,6.391864201881699,3.9667716024797843,2.953493553248831,1
5.560090685394809,-0.34913425630828154,1.498048851189544,4.645016232451433,5.164883533269685,4.261362459683622,1.8411274025648026,3.364216315722989,5.782418654474788,6.163563541256725,4.967553764808118,7.313667562073977,5.794794046918469,3.5050886920835755,4.438995893176765,2.1942676855842906,4.7837220192171666,7.224201238442677,6.3705801694219355,7.804018651838244,4.394229512402013,7.692199589028515,4.61339154710406,7.943170165139788,4.956286505115752,6.414462747608553,7.950224728619711,4.613144742837589,5.436777975088348,7.5777268504126045,1
4.7339936721398725,2.358215434987678,9.28601410916982,4.060471071325726,5.317512101875086,7.312013338902254,3.7830121925375964,2.9842641735557396,5.5074745935496665,1.4138472041752208,4.424187846264159,5.490077328630812,4.460096206349672,1.913098113628506,8.188355912408024,5.207076307898351,7.862304235523482,4.4799274996391105,3.239976036618472,5.53836184051032,4.568425747343561,2.644477084017284,7.939568517574991,3.755459554212008,1.319467230408863,7.656332107914666,3.9914039683747538,3.7843522147687514,1.469224825940052,8.481882973193981,1
2.421038825580625,5.1168989614113,6.825240645080881,5.843433866006194,4.8806913760156165,1.5966682834251675,3.380550328465432,5.375600676085044,3.425651860026007,5.406718919997536,6.3634868176302835,6.925005771600203,2.547641284374633,9.393292109957908,6.534958689108262,4.996571692661872,7.179073166153281,9.730815543999947,2.122559797886261,4.5494747150172925,0.24313668025334323,5.385303065296049,5.730788483850281,4.921675769114481,3.6909328580033804,0.9009709676233495,5.747067366823537,7.91086896783065,3.817963088533136,5.88011985804629,1
1.8637113731598989,5.914426127385028,4.2132354045106855,3.4751640987941714,3.479272717567739,4.21277683593398,5.764866631385071,2.3756735976089645,4.205769336864295,4.917056444001704,2.8019215509362816,8.593330403350034,3.293009039877317,3.6611261727330193,3.043384100355004,8.596960174276235,6.105810457198963,3.1268159875127157,7.212463117719937,5.401397388577757,5.514506842223003,4.311045582495095,3.501168026086053,5.675532198109202,3.9098255400088195,8.63351125915021,2.4614177895137916,8.072313545709891,4.7773623024043985,5.598171468042212,1
6.666315533258869,3.7395014099911275,6.728496769397273,-0.4150877107623545,3.560020933556122,3.1518743853178695,2.4929879752564768,4.570090323842098,5.77149993636339,6.405319996998612,5.481753514400816,3.6686130702129063,5.738032875650334,5.248571389701701,6.872112335872032,6.553873405863033,5.060952827841258,3.205493987677486,3.6940996883358386,3.9004212807239336,4.369467332167488,5.536100855179507,6.430348780256117,4.8977626139692445,5.032249575800945,5.286612610000008,3.9681893737353198,3.149215484714088,1.4891242053785803,3.609701283846255,1
5.946290906535574,3.594177123920865,4.52438592514812,5.932862574824634,6.041378992845337,2.840934295667922,6.994118712907283,7.254700178710971,2.7403002855628804,3.3523262607176916,7.382181366292383,4.706292957489398,0.5604441050962983,2.2006369905346275,4.501260749655038,2.6739146994307963,4.173152458727118,5.064792427367157,7.924509208069457,4.419092167544422,7.145083599145518,7.8575203240735405,7.868619338704152,5.569509186771136,1.0734217043220515,5.92164973080773,7.0967997756270815,4.837865789129165,8.489167740150497,6.719667122934915,1
6.136546754305568,7.172761422411676,5.666739702521756,0.01437900120929303,4.001722097059269,7.394336054495707,3.3848173198034077,4.553054989526122,2.9103273721938576,8.567845190403538,8.36298491483603,3.2322622097185416,5.294596000778168,3.6390119044719045,6.229889278062756,6.019366154484658,6.623411143226531,5.663836895415774,10.870812412776935,2.944152469978522,1.5787932911269715,4.213819598597077,1.864023468879465,2.0150754599880143,2.997370691604066,3.155622189136745,3.0907637960998797,6.036437900890823,3.9876218778293278,4.64097085025504,1
6.78846554900187,3.4673549504371475,4.4709082025905555,5.731519972185831,1.1168643987595575,0.2301889820988352,5.692234657595446,5.9840285611337976,9.128440269704821,5.31618975173362,6.63947943451619,4.609054712828052,5.594454443170172,8.334513683499068,0.7520143637487289,5.827232515143361,9.271173460154731,5.564068438418685,8.301145926465695,3.741575700941115,4.935905011672573,5.067049404777175,0.5648178412824585,2.6636443442995996,2.806249841232028,6.644132156065055,6.7443062113681105,5.648072885413066,6.648205793711412,4.6717011745564525,1
7.403863339079086,5.017576885264144,5.115728094853513,4.4688147334751775,6.3689009552728555,4.1576023667741735,6.952862754396136,2.7357017185679866,2.8021674905436122,6.374853510253009,4.822911570833974,4.092217167693743,6.780115464950919,3.7854771718278313,4.59959749139926,7.798455900142319,8.0782846916213,8.144796420540654,4.435748446132178,7.461405809968941,3.1020943444626434,3.186194250555878,0.29908829475127785,8.34573640379706,3.2720403018478432,4.74693484050588,3.179351316143432,6.390330496660281,4.24873267856532,2.3903662191341013,1
5.883325128372121,2.132539950379543,3.3251885493690176,0.7862217707478383,2.1520837756047864,5.357058339440956,1.0709279237941507,2.0377085507565686,4.995262167734384,3.9127862078138946,8.984073271918618,8.66779309204875,3.264155074497693,6.1142752368069635,6.498565113758903,3.8050422839511935,2.0089169270035923,4.975403101383884,4.654308650371778,4.128471006058762,5.88463373632897,3.4985407859888022,2.696004904841714,5.218165940699664,5.771940185137752,2.646710112199894,6.856181221982162,1.4590377244478439,3.8437730825687133,4.483982927604782,1
3.7275525746961407,3.8698790528976152,8.742148964616227,3.2982318219222027,9.882443444943828,5.874253559462104,5.1841102746239835,5.952480706775332,10.059855498503904,3.012813992137104,2.7591641621272216,3.490267606856158,5.064286293929122,1.5484577503748533,5.044678478637216,8.387094266827344,5.302814781249555,4.414629082049446,3.763679102632745,6.797023409103129,3.348334453523905,8.692791841198495,8.866719495428715,5.513501597323575,4.9769698238467095,7.061319616483119,7.189597004454651,3.3880165378811693,3.946889733726596,2.355305130633409,1
5.818129876668114,6.333255766913782,2.300148724277454,4.089602190367682,2.3054921648373017,3.2024003795123246,6.102034120452599,3.5330358666434414,4.398348087935402,1.745376544105369,5.373980419449328,4.911453360310702,3.5420814999336754,4.621971404635052,5.360589761006889,3.3702637021813118,2.0474749119964413,8.61114886537363,3.7334545905794547,4.806479793626221,7.0216794700406275,12.058110375140968,2.5110271002222686,5.89965442745302,3.5848954294117874,3.9224193908465783,3.55957595798642,2.74869006439883,4.917417276430677,2.0509946259035288,1
6.893615133023741,5.11000587206675,5.84486994580288,4.067622776107554,4.265592131576503,5.575127810334656,2.671898735188349,4.284019131173328,3.280772972243092,3.2188623788179713,0.780323518748717,7.678653178959999,3.6269224936924624,7.3267521103271,7.1375846427885845,2.4280005869670127,2.8231775286543086,10.121005918711369,8.501851883854286,4.936962973343792,5.514746212834699,3.7383071941056225,5.86470542840068,3.5656361985550573,0.9352924714032307,2.356888426977898,5.042185495701174,2.7378655289948246,4.865445070172931,2.850677921134274,1
3.435292154996013,6.706330612826384,5.4949610952802095,4.980671157373306,6.757927946141303,5.961217186694695,7.893126582502735,4.08028147536972,4.140730042944982,2.3977814672173094,4.14203856525516,6.929539788604892,7.599974744524268,6.920610336173336,1.4116162669011274,7.166290425321469,1.3229627534558586,6.796234648244695,4.26443094685789,6.405066627867711,2.335103304210868,7.342335265412293,2.070050507790222,3.6630901782936447,3.0038107444619295,1.491430294355002,5.189055135176937,8.612178235673923,10.333810444640019,5.194311574172495,1
7.233362550135045,5.464189275857074,5.997766389536426,4.315702697745523,5.390153850845204,6.074957409212857,3.8430805422473373,4.845011400214024,4.883139762005023,6.652806634661049,2.867935656744639,4.896915582784697,8.824010938105395,7.3281203051718755,7.69835809777741,5.048863680356068,5.641995127372047,7.00447233340585,8.120511059061862,1.0967941742342266,2.3691173859003087,7.618888202805296,4.446221288462393,3.6565584214838456,2.4916780260087923,3.889966596911781,2.1952614331523503,9.182188545464953,4.955127896038853,4.8840989164745645,1
6.176153350335664,6.924690338533139,6.891776313109279,7.147243887815144,3.7383088984182873,4.404266390086278,6.538063310884551,3.94522187672076,4.98978673594555,5.797527528849629,6.570370164620752,1.4446380752595975,6.42949129977789,4.532551884296549,6.414915421728762,6.553863384709658,8.215830122238316,7.706907295242406,7.693143325220593,7.887340638332477,5.582757969631892,5.064370174073679,6.745634166356669,6.464161902866045,4.38186752652348,5.809646817616536,4.929807066430811,3.292134183079888,7.5809214827527,5.110398485060179,1
9.0974165153977,1.7490154596003347,3.8864424543132676,5.065277673381743,7.2747621952578285,5.79893874520437,5.620945508361503,2.745472414891706,2.6861172055410574,5.64500932057981,2.271788012363283,3.936244499421343,6.001834658171715,3.035351455446448,8.210711924723613,7.44787268847578,1.8571600033233993,3.1352575136360255,0.4284455110101,3.4348172749037333,6.532776953144799,4.172210115450286,5.921594487231935,1.9553313634365117,6.595950509163811,3.8897815441433004,5.024339364565811,4.814250997213895,2.4569029582154323,2.6938313365204354,1
6.935588938006852,5.797984315003391,7.100098083106854,5.6493164710050365,5.285981269618433,1.547978762666467,4.4592666064776605,4.945231359192512,8.906214396545149,6.373913264197355,8.072122363419057,6.195075411789457,3.5773935461010415,5.234248432299703,5.472447292528466,3.1216888604586366,4.231225246814158,4.588466012645656,8.211239665130236,0.8385189492180434,7.411636841432086,3.1264095300812347,2.255841625460772,7.359884260076928,6.463796138468762,7.509037404762379,6.6014038950911536,9.119690003474805,6.117447673888971,4.687045247753683,1
5.685852754642685,7.486938256691927,3.441249349479766,3.696222834937238,4.3820799708041855,0.7908344024693355,5.276156816835094,1.2277425920979477,5.106118625865238,6.730579512270499,4.046247078712328,8.354231740373741,2.0789982011630244,7.382521363263665,6.350274112813842,1.567933503378622,10.421588598081065,4.872509428992068,3.2450319556887366,2.185825610431966,4.559963944680652,4.74518625522008,5.205291057079329,4.40440768755208,6.266450620230187,4.224740334673507,1.130071765519058,4.701277008700718,0.2650446932534436,5.707541261782779,1
3.041399539434729,5.326720709831601,7.628149963049209,3.1025026094639996,7.122512517024235,4.133220866627694,8.50638960413117,4.2696947736035735,3.3190140289866172,6.374476900790577,4.128420540752728,3.317100971741983,4.044320298592417,4.910786935633997,7.684360262489708,1.1318245090808459,5.046161317900841,6.249807189308086,5.386897149983592,7.619730338867068,4.851309340482952,4.63089711562811,6.184659094026687,5.198627629902699,4.219182523439058,6.032288079172759,3.6949434135667096,3.777645695961346,3.944011956468773,7.706138320332815,1
-1.442032711971427,5.791197669525885,5.068543628400445,1.6382590815237594,5.619453558272005,5.951503983663064,6.1792784627148,-0.3036561260898978,7.732778823708877,3.5245265906303183,6.373135493506352,6.482147561364572,3.246605828761414,6.320919904703101,4.229013518175283,0.8572456413236855,7.3354838510555584,3.44991007396752,3.2910130745238915,4.193868263926555,5.544473450654776,4.885459178355795,6.096133849414341,2.321021266942682,3.5152272591385305,4.768005855356932,8.79577458531741,4.7723749231724835,7.170444527323263,5.0771103375686355,0
4.032682725124863,4.506551151771119,4.663160575942237,6.207291477921477,7.749222535153109,5.719361695372642,7.374155357483511,3.070420524740629,4.1707389823719385,3.5513949315846665,5.628889181749705,4.282083229641173,6.459545874068391,3.137996576735117,5.0860619466425625,6.373715822024512,0.8693944499187793,9.243262614660406,4.4336962302402485,0.949920172647654,5.316187797153572,5.066886935946302,4.836211240855014,6.982382225853333,6.494889942854112,5.59575238204769,5.900311267893295,4.791283101123827,8.550981698480097,2.041607963284467,1
5.279303348431793,5.13004926237756,6.626560812129186,3.3122922451502017,1.5126547952069278,5.313646032196386,5.562460984437208,7.9791988188952985,2.4592759073498276,7.309387533433441,9.734828728054243,4.2444702249550454,2.418115561013552,4.186051267253258,5.028009934742761,6.127575750013829,3.817210540323905,8.110397068294684,2.7709353699838766,1.5215896956544,7.213420848574635,0.45075793758760074,4.591740462254568,11.235362258416096,4.975912894080137,2.7584646986075008,4.885205072426412,4.898398422760933,5.321299880706233,6.324525964319239,1
2.9217776632645216,8.375096110473587,5.490228568745236,6.453588092803607,3.743701200488715,7.572764273991067,4.485895182373871,5.555105026987063,3.1337878456257817,3.0061367471957463,6.376410612905765,4.112786339585228,3.292353824991246,3.7136333159459394,6.3979061434348425,3.741924277592778,4.7646901367956715,5.030055500574194,1.165302227979402,2.057747189252964,5.672555778495125,3.5259412776946055,7.1134498225608365,6.933614208501089,6.438337332710875,8.639543574625195,4.833821344513634,6.297763851807678,3.8311980468079376,9.904739825737447,1
8.967267304872038,5.023760869035584,5.773172459810384,7.718595198729611,4.705720990371786,3.6867518584005907,6.747979502013765,5.1568784921673405,5.365988899290521,3.3314573138640693,1.5646557032732074,5.472284819758202,6.8099240829884,4.548386501847916,7.872859039117733,3.592167349168911,2.89059109006816,4.865539385607738,4.834814849297419,6.539937462670445,3.4500743518720305,7.736188473629796,8.933833925016508,4.921711946063316,7.4994208403686375,2.88700585874948,7.150443082363832,7.094552817118926,6.726874560379757,4.968873822259412,1
-0.9084978824840624,3.7165457126957415,3.748167964630796,3.043490123879045,5.244486009094133,4.1620731089575305,3.3507759804699564,2.8823997035043605,3.5689740290295426,7.242998423699857,3.677949890745012,3.970122587133455,4.0866047699535075,5.6779870276188396,5.912498977057066,-1.0893130784863239,7.043270427655216,7.872736068487508,2.899626925276661,3.0554035105303305,4.099493224443457,3.4879919610867907,5.4478537478932125,1.1069494272822715,2.7641447839265205,8.078394400349815,3.1435600653039644,7.48685655620585,5.710676391180273,1.3814645708234838,0
6.270658390432413,4.764665395614293,4.089065887500519,5.4899141863440075,5.949266971133584,6.41518364394924,7.356505695096004,5.816271825556713,2.2487318224272763,4.052709084697618,10.886096670537242,6.448982120763455,9.738574601622993,7.79086816439837,5.4836041431114975,5.602814139562235,4.926839920246309,1.524390768307001,5.0360945049364485,7.421349105084394,3.8007200103575927,5.823905998123619,6.7031820917863945,3.180639121375049,4.0973942713126705,2.9641770190456818,3.3556687866211865,2.4247894326938777,3.1991030772439464,7.838911361595678,1
3.169045941819415,5.25291843812138,3.9942624926580885,7.3577318740738775,7.622324593207233,6.728139964277894,5.612269106205511,4.537880926318203,2.6162505916175003,8.887057762244394,3.480653964494893,6.327292694065683,7.1191311452467945,3.889439006189341,7.076025054631924,6.528426406677711,8.455927670763531,4.061307067146577,2.4282719654405702,3.9890204891109775,5.417707085068663,5.116425454170113,4.213124207450899,1.1816050820455142,5.940965992258213,8.9446889581644,5.928502476246007,6.218271038107027,6.144890612310204,5.7940933397648,1
6.863331933736189,5.790747362371332,4.374645660693448,3.408022179982492,4.502052689438649,5.628258992901332,4.367834077754053,5.628677366262861,5.878300267400835,6.666358862540363,7.565589937677961,5.156014836957715,2.3844468697046786,4.30979180636162,5.088125134813199,1.3284624876458198,7.777329040204965,5.284755825020932,5.76270566916057,7.7310529250525315,3.7397143397153063,6.14808386176806,4.780271753796129,4.6318262659681615,3.4556152243912415,8.331206427373054,4.248999919848858,6.398928493791404,1.2499852250561272,7.359977059379573,1
7.104422311914117,5.194868220594606,4.546115067724151,5.800000011227133,9.57758132176058,1.4735266021930298,6.564054775148255,3.176765395692195,4.960163207400537,4.504239761842674,4.143363484404489,4.979069741894541,2.731657709444419,7.058360872255934,1.4117129776027992,6.079529025656684,4.346928294930858,2.6581502123850926,5.40476674119739,1.886097826587044,5.07942764343927,2.154246184376891,5.922544168635662,3.151285332739249,4.098011965941382,5.587898775886324,3.454915776315528,4.884072000663395,1.9723389975102927,6.261751207192312,1
8.529827611101542,10.584417735819923,5.182336293332878,6.576408281594373,1.4387486541850216,8.005468652611176,6.552457009448212,4.032133110097534,7.4743616005780185,4.491047846709317,4.083949633970887,5.9506698508549825,2.873291000339363,7.043249528799896,2.8880203761463132,2.8998904203536275,3.1806204231833313,6.5190000750322445,3.766449276960585,2.3040084312656623,3.788640000128404,4.935915258639026,2.638055032671229,2.696637781931313,9.22259266819917,3.278869192372226,4.353915262453986,4.265525998401428,4.157286384459116,6.242693479938205,1
6.896285900944099,4.388091136936816,2.527043426815302,7.548880455697807,4.809317817606635,8.460643629714337,0.5088282048696744,5.390806442566641,8.837212667752416,4.2934717291236835,4.549013153330728,5.591023383180677,3.8824083622300853,4.3758561358945345,4.324369811617194,3.7451585311472533,7.457713100401119,5.92215606459287,5.501256464206604,6.617142013780233,4.471288333593066,3.451592363294199,3.794751390770885,5.003566082209217,2.881576583254196,3.9994779668266487,3.9677667162571306,9.249112459658027,-0.5476298798678334,4.640760557188734,1
8.451387585629542,5.243688928264908,6.5068349468421856,5.199652630199536,3.6653332375670393,0.516168130982174,5.410911374072605,3.448786790795218,3.3993291876693927,4.0020254880417765,8.489722813246987,9.809675084507946,5.434415875056802,4.070465552176545,2.6455471650975793,5.937080323092138,8.565811200130288,4.505319225949687,0.24200791849355152,6.3400993436310475,6.9707994229000985,1.8283087192283052,5.352968367325905,5.902452032272198,4.853785395982123,3.4184581618292924,7.031874447127112,4.193240508062635,2.029627674600136,0.9010510286606381,1
7.521699039998619,6.233327952942236,5.175947094258338,4.119450726298393,3.942003171593746,2.8485267031167774,4.137088710880231,0.7598255697596512,3.527872693062972,4.378124967297812,6.219760094380838,4.920147073253273,6.589846227751118,7.698270210226859,7.116340187648204,5.941019694757114,5.023725358361569,3.0384239831728816,6.479888102758633,8.359494764443058,5.684212079300837,8.834518296852245,1.9488565838778324,2.691673230440917,6.710403015496525,5.528580420306502,7.627564353143615,4.969056718546521,3.2640491549433364,4.572813515589915,1
1.9346320581525318,2.742818653805931,6.94488799583602,6.74557482893922,5.726008569612154,1.5578449580790612,4.283192848974223,2.550000222679899,7.35306650757553,3.8325557328747974,2.828504578436901,5.0595923302428485,3.7196910863307764,7.967487820407413,3.530378204931618,2.2015434815507375,0.6941729684849687,4.938426995173169,3.876139772284147,2.1421907869765464,7.3784529225115705,6.334490294858484,4.94356424212554,7.728652488341734,6.325072066797226,3.354288196963135,2.921559672018468,6.635963088907722,5.792733912934702,5.339495535941324,1
3.3070043942621856,6.215895134011507,3.4890022337321014,4.796026690812644,7.89388829277396,3.6783315283797084,1.854021485854278,2.8949056162597793,6.988597653375247,5.509462274760419,4.742245242622493,3.981812389376861,5.9707198151063805,3.301790298019553,5.611331137285192,3.537490862374086,3.204681229449892,3.7250251303499766,4.249185107032076,4.902340328132594,5.4709115902222285,-2.3767305828568883,3.38469888450647,4.2168600452879215,8.010124077216659,2.8399947832357357,5.3255932361998255,7.9900606194716755,2.3740629401054543,5.787950451728805,1
3.3954563321309594,3.9907325154215307,3.3937783320933708,3.536285383168228,10.443824295812986,6.688911744143331,7.203475723572418,5.983986973672993,1.7874864231960839,5.7899159406466145,7.145859229014693,3.293201051921777,6.930653334322253,6.408672419708157,8.70408008962734,4.164433974972763,2.8047780354485465,4.2767437812549085,7.871141986327247,1.343188238316074,0.8632485691379355,5.178790557863227,4.114821414451688,5.015455786351369,6.89062354247173,3.8948613077622953,1.2539883381387589,9.088963114399888,3.0055434251224478,2.881925755975805,1
7.207440027445193,4.231021757916964,4.873220295930379,5.965580248120636,7.167166206219991,4.333078613636456,8.039904011828598,0.7284003025303889,6.519574473906154,3.3209448839646853,7.744542633215983,5.2840889576610905,3.6541893359811968,6.325682186043265,6.786376694414503,6.283788245717276,2.940607520733879,4.031965752755831,4.99185432575713,4.917480694699879,6.499490950876695,0.9701975349867835,5.668654109107007,4.42003729112672,3.3229987672320958,3.515026444460801,4.5709246709640725,-2.2021702089190356,3.5974208584169,3.2483703507074133,1
6.065566418645249,3.388946634978959,4.56977239965902,8.084553255322604,6.988703039630847,6.804542799886905,4.000255139178297,6.086064558579305,4.532204399092812,4.607813578646124,5.819370687493099,3.8060128231581354,7.9860062088864066,4.679739720804125,6.23672113251933,7.911200958514597,7.06330754915035,2.1821617946189504,5.8897917900197685,6.701438788921294,6.783726044321497,2.7734103317707377,3.685929525965352,6.989116471483243,3.4764792586347086,4.400607886671372,8.151751619003939,4.904401499230421,3.546451724332314,3.24476528627419,1
5.665438659170376,2.333703983045582,4.505328072207163,5.666461069980043,7.598299641095335,6.335096160739991,3.5718697640356423,7.35683863512744,4.400969924905045,2.528593955901182,4.655917281469055,7.876338402291404,5.330480100129851,5.025043728659573,8.274423289405707,2.137290305891146,2.4288017718944555,1.7683070580663358,5.7452963729601105,5.332986254230249,8.085472734559552,5.486950154273541,4.1916856810413945,5.003589745756214,5.235414836921916,1.656477453343666,10.420663288669786,6.0397420362038226,5.420016616045178,6.230327968557161,1
6.41882196117321,4.7188930289951365,3.7375177275185987,6.198901372643408,5.771421681062905,3.380219801821184,7.838071222734528,5.586704072645967,6.459638724535261,7.7838417753598375,5.04377764232967,5.63390401396823,6.620054477012233,3.5502778323998956,5.108103325692002,5.251097173302297,3.087882896633211,9.635273577347757,2.185413113015195,2.4037921926256844,7.628453151407158,6.426532501593085,2.9480703650384443,6.214578030203386,7.935700889994619,4.939473884806029,10.197645800149164,1.551876378263929,6.387646907718205,7.333056672442007,1
6.782687803210493,4.591288546708704,4.419117035977701,5.888290342174515,6.631508973304139,6.204946872564727,7.080115781586779,2.9622600858665296,4.544458041752731,3.119968135752492,4.227774447827716,7.030441783628611,5.215967841450458,10.213718326299539,5.386812734379434,5.119383761159472,5.212365838880433,3.7243826142801284,4.884326775244812,7.255576054223292,5.227941336255545,3.4130805402330573,3.1498307590427297,4.0995962166683135,5.147726868821761,7.3871730709525245,2.3190227172671265,4.360347444222487,5.288620038870158,1.3325884647411308,1
3.3328034340671873,3.640222920527627,3.4080592522990036,5.383779090043295,4.678880780996405,3.8894277947979274,5.85592525310527,8.446149435292499,8.278513033483504,1.1544564558753274,6.154144367670279,4.643953419872323,5.3103106857307125,4.203433932914903,5.235177259774405,5.302814792144037,3.8420964853021538,3.207264904349638,4.102608634761031,5.468518528913531,6.197992683368528,6.706697954680293,4.011619953866175,5.567689134605473,6.925005183906597,7.331189790288256,4.882334291736956,4.558136550120775,5.382248467672785,2.7005850542051886,1
4.612780977928984,6.48917279694626,6.283894258887402,4.459464791272222,5.435436402174333,3.350699319418625,6.40698429645005,4.844357127727053,4.448097096607723,4.276552327813227,4.874212266200284,4.104244710136083,6.316286072005127,4.209432903967638,8.185928192054762,7.930421006962762,3.2169130202909906,5.139408538858561,3.69868675732761,4.346704873622777,9.004854935289593,4.384857165768402,5.720452074154857,6.082642588016556,2.9987412550335186,3.2898090511815905,2.5879552571837623,3.228058532204446,-0.7000602186343645,6.089164801587256,1
9.10838768251214,5.295641478073054,2.167462281318785,3.714447234200104,4.082246309950007,2.9648304455732486,6.7203652767903135,6.620520088750668,2.6890964123646808,6.450162088895016,8.053625327154531,8.805116410459119,10.730424046171926,3.1960147011136053,10.648440852790406,4.2915872229824235,3.815069089238971,5.654144749755691,3.8358773318139754,5.798088281293052,2.3598456245253967,4.522494795873131,7.571164468723358,4.885877417137688,5.283191573479765,5.950517209434623,7.34132325863532,1.689550575621134,6.16904810367487,4.463721721516474,1
5.333275790623677,7.119900339524753,2.6116266971763116,2.974711117113821,1.1291400805723875,3.901682116472447,7.660864688757632,4.758825623053061,2.3197502086904285,4.028642510849906,2.024276593018754,2.7496277965376765,5.777637820527427,2.6522533473879424,7.225268610406603,4.857759418339328,5.171189407889051,4.443254064784212,6.545695677087446,6.566319775554021,5.670108703824343,6.129578211815296,4.575820660159149,6.084406013818097,4.324244449052387,5.004463244324804,4.450712501267406,4.085562921361608,3.6217764045564196,5.935380207717771,1
7.621211825626927,7.342203943339118,2.486869328109129,7.578406102813746,4.363682996764142,6.201466030291183,3.187569335905578,5.283959827748011,5.627446365793814,2.0307904161606944,6.216534332688378,7.69187001567663,4.650704108636744,7.720336261656026,4.620613013095185,6.699169062093235,0.5628600680978009,9.837555558626928,7.990916490485914,4.430748991492642,1.055821946712364,5.576056736610978,2.1121489058524863,5.889707075114976,5.823131438328564,3.1171936619959504,7.241934047228755,6.6111494056123465,6.951646674577127,5.017715407337791,1
2.168951866172587,6.955744544422275,4.459257201728418,2.220439713614662,7.704078731948652,9.19881504100502,4.917503742041594,9.318242309206584,5.182629457222699,4.239088191667298,3.7390830916290447,8.274164815985484,3.439712237224456,6.470538619949975,3.8816723298815834,4.079386474851274,7.060499387939133,4.2399263074212925,4.190409241159413,7.265609394349614,8.194794586443246,6.289379606568467,3.6904604487521016,3.978783001404841,5.159830527480075,5.641860123851315,3.0242681797204565,6.446075879159728,5.171026659279198,1.568583362723741,1
3.142147035078539,3.9917426526966726,4.8542846223178895,8.778557591007992,5.4763426122792564,3.3184562202027497,5.441261608614327,4.295824505092238,5.649516479067083,6.16113537407123,7.4184612944478765,4.951427008659948,8.277921055199666,6.816045325072382,3.5851209103756245,9.419711331496927,5.653989026540195,3.32975099205553,8.305826102460843,9.15555517039689,4.933949472560879,3.9926994792488073,4.655250085092676,6.4294634550354,7.555713310061028,6.140974661727147,5.20344641694354,7.996023540608855,4.374327053896955,7.061838676733814,1
4.423874403297443,5.862045916021787,4.772874870419097,4.888295634694378,4.24522696507558,7.6897080623613885,3.53414792378293,3.519535494902583,9.24198713169022,6.955695129308663,0.2297726026139273,3.869482521579193,1.3760213248758917,3.0986186131694895,-1.2770293324680795,4.7260208446121155,2.716116361677377,5.119810513592877,1.7497574822349504,5.16582370634408,4.170167443759345,8.003905930377192,7.822713723491249,6.570691206020566,4.346772438677575,8.970760790520586,1.8939294443203587,2.1928827408726748,4.832433800221871,9.508076217842238,1
4.595322186259825,4.633509513581436,2.1161792877763816,6.891859170540757,6.906352508658708,6.57815040279982,3.7415586543052752,3.5865864632539886,2.413755499190059,5.167745003521867,2.8391853414429966,2.6451669895014227,4.152618566178648,4.021687649631568,3.92404294235609,5.932889193680523,5.158095604300558,4.423687938977765,5.366025856622964,3.0169459177907356,5.210557247819356,5.301204985689267,1.9939062812850388,6.991387508740724,3.2371325895460092,5.18061959841287,7.328823481070541,6.851353515427739,5.068666777137671,4.275001994235863,1
6.895023817151134,6.34938995561724,3.76326995991174,3.410212705996619,0.8552896366080036,5.308063683367175,4.834604509963203,7.272382749285084,5.718110186960733,7.668458388345381,3.6052715441676586,7.276300661935236,3.9421672417906897,6.555192123584544,2.082483214938613,5.470270598732377,1.03062411710818,4.46572502811649,5.8807079877558275,3.9580628975378085,2.8991247424880653,6.692236938591868,4.793074420306153,4.0208587059386565,5.083791842308553,10.273338283891178,7.307005699563088,7.3251473363756805,5.871092637984728,5.332970545154295,1
0.2078354233391675,3.642039307073736,4.0388511735950505,1.2502158719049339,2.6851684195691328,1.038327058154732,4.923352328605255,6.637531941697632,7.213549037248658,5.829568924158482,3.0732073176028623,1.135869682960081,1.4862626011969962,2.462034845491003,3.2222806039286507,4.680503004016827,2.9716715637460633,5.677951787336523,4.535452994401054,5.021091423482051,7.28050110534241,2.63953653159926,5.837409156584736,4.972053543047854,4.3330274380606095,6.770512641731921,6.758028309114015,3.1070184080231438,4.635678832284151,5.562423365168131,0
4.453986503954831,6.170042664575597,5.562384035820551,8.665122480712025,1.9394417281404248,4.755128020505205,3.1829949769756176,6.208214910878088,1.765656219908911,5.692625420449773,3.739903137303318,3.531676267757972,2.1070035929186255,4.069848107597988,7.169001060581851,4.949622632941041,6.255360835748949,8.32928364393255,5.527511169645152,3.8824008558753187,5.93450443036558,3.911407707371416,3.991154633405661,1.9602144007620304,6.852514982168785,4.227994848701122,5.364196491631724,2.928076142786721,5.871895259430945,3.4761175237298323,1
4.716582556596352,6.7556520624782515,6.581518624465058,4.955939854966119,1.4637379345865633,10.985621140121282,8.491717940546271,6.445349649776597,3.4935924368180586,4.77281567659607,3.9131591404469663,7.527711878192777,5.525005781703667,3.431672283280334,4.0584898017504365,7.242376285139809,8.200195693640957,8.056663126972492,6.514064130107955,4.494750262394726,-1.483027650658241,5.594320047616443,4.996342482311799,5.279964192642708,5.1077946940664125,2.347475676101686,6.1148171137023715,6.264432628063701,6.364677564119319,6.893154007146773,1
6.208103289843247,4.179941176922179,4.85832630416782,5.182249734506754,5.215398898213237,6.9964353119434595,6.287337506044982,9.154686879139906,9.412937959769344,5.15929916522785,-2.673311096918739,7.4736649322545325,3.919247322025891,3.3970321563379864,4.203109450021266,4.106713906370787,6.224539620210785,1.8811284417475491,2.844558508416797,5.686317108394833,6.2458880608266165,6.283083289872024,3.425927442133402,3.04346870146752,3.9867303324241616,5.4797455045694505,7.9709547385451,0.9051256284584994,4.558542486083267,2.3346431179495926,1
1.6955146452930205,6.933913290689633,6.089249148998677,5.898867031894524,6.842051679461987,4.040562206467728,4.134724967332944,9.37146123344515,4.506857891480851,6.470264226108182,5.01276308192663,1.3034829398431698,0.9107419923974636,3.8420315601201906,7.112202503339978,6.576583313272007,6.8281543284480675,3.025907642127369,8.231744980244628,3.0702133996272316,5.425648797339937,4.979295420184527,4.652252359370827,7.6771842765912135,3.589778959668079,2.300789488576144,5.039990972412839,4.200346531426947,11.75476583816529,6.35301495287995,0
4.181318849562752,2.887776861625827,1.2394231788624306,2.949561828525134,5.229883543518263,7.854657303189539,7.243378284775838,5.4581896632927585,4.35366466859503,5.537624712824308,3.9627240050308483,8.436727991527752,4.62161963744984,4.827324283506546,0.5683551499586637,4.609130306954472,6.6729682759298825,2.8645548459229095,3.4985593310143743,6.58542203546733,2.0466855529638934,7.115602015083837,3.935712219653796,4.222863559017594,2.7522431897488118,5.756092520855766,9.91974397005876,6.562994478921264,3.2714294761189286,7.271241170982952,1
4.366640908131501,7.748969962855119,6.613352804328725,-0.8862831309434664,2.991840734089945,6.8887704456707795,5.303314544290036,2.952488104584299,3.7328209690123746,1.187526759821239,4.823253424947208,9.421379452031529,6.6098667814646515,9.380834002376847,6.76479417957996,7.054958686705383,8.948157375490048,5.754526518684453,4.6255453569862395,7.065315033244024,7.90768047424377,4.040070714575582,3.5568618353199417,5.277712064861761,6.662997733863325,6.5961820973231235,2.1516647996248017,8.823212134126644,3.717670141206299,4.469870006222841,1
3.1946912800243608,10.396657671874175,5.484141340575935,3.29804983863687,6.727847099924892,6.538271558620066,4.624545952840232,6.681213425566766,3.349416078338271,4.014163450101496,0.9795666908678742,2.3520978315608745,8.61526161134137,8.282857255444629,5.131577297297925,8.325862894379675,4.679851026783391,4.513179394864184,5.113021296931112,4.750156809352869,4.569607352879639,7.286796214299105,5.300271307912406,6.424963528867609,7.062761050554662,5.776371591309466,3.059457348183522,2.2942682220719224,5.297561269614611,4.657487390350131,0
5.174782857840244,4.967891921502828,10.167147320333134,2.339547488717324,1.0201074603577505,5.66475366703922,4.24715489082361,5.632135739459902,6.167766044568002,7.568209390357795,1.9855483592321232,3.886564204285674,5.857522517761527,6.540927191374453,9.386899100576771,6.911407942227735,4.8864228082274455,3.2191284941146767,3.8714202945619616,3.814594354085787,6.310467257027521,5.513994891171661,2.352700858315642,4.128197061819134,6.755095106902841,5.703324709948118,6.137289232025541,5.7658434201145266,8.252861469217718,5.4720861276487405,1
4.227954404258604,3.168489917732879,5.499218916419424,0.11859197044983194,4.631421996334576,4.588320280157312,2.271058292765438,3.1434683226880082,6.619315060296483,5.461423498149925,5.203576667414655,5.6126950678640455,5.185255175897847,7.485725125716629,5.246858363407298,2.083573772362499,8.26025992974882,5.740680534657692,3.8214925384098644,2.493196563409963,5.791828441916091,4.765655990051249,8.148293572064818,4.308185438666344,3.325238420635066,6.791592436471857,6.850563785433662,5.337302735220391,6.352714095349817,4.924625758515524,1
5.467730202018494,7.329981765127846,6.250636668043006,4.661451123334751,7.704725091852302,0.2702892544169755,9.10414662284387,1.5880818102185295,3.745814350455408,4.918164929609862,4.707038658543677,7.012822080053109,2.8843267627795313,5.521533634966127,3.8435758035604923,5.590281958674833,4.870455480404247,5.185871305365955,3.9001503350713085,3.979872099807835,5.574545028054854,6.8874310115120885,3.8034413316043043,3.2624649108541806,6.226920331343674,4.934992213884621,6.660996267971904,3.188405573257705,1.4411221491531383,3.9339918363473316,1
3.4672947814699677,4.8424231998394,3.726309571459221,6.482033902672899,4.423699475154968,5.300948997547802,5.315269116881888,5.389910184824375,4.951741779090053,6.021201380820627,3.408689732348385,7.798835853307766,4.526925233262929,2.3769017242026367,5.376146713983546,3.29763903510503,6.33066906901775,9.419211152084756,3.4268558168842995,5.6647446664479695,1.4889888225907448,5.907810458882694,3.22857240040062,3.750330763131035,2.797427020320344,6.464302452109471,7.014608714946525,5.046770429317015,3.271146589328561,8.179046072207726,1
3.4991797444906876,0.6759354001451223,5.916778019914137,2.7904506527169666,6.97721758699835,4.237724606653162,6.207426481088392,7.803000693104316,2.582282270758556,3.868125738215189,4.848657854685873,8.075102638068687,3.6832345641191093,3.8109926081019854,5.956281151111617,3.845542548578858,5.305051765795233,1.8969251580637465,9.428659885113193,2.3045815393811933,4.356494592019583,4.93503792831581,8.82537626871359,2.35030843813452,8.967408270957502,6.514353642204045,5.8341906488464925,3.030732625964089,6.142282484076148,3.5530267551604,1
7.533322506396825,3.057875941784534,4.773683011087832,3.889453823973657,3.0249540751460104,6.482639633815829,6.070917494819267,7.418020397801994,1.4402497835836652,7.128341404682088,10.010897810713788,4.096717821646106,8.79029722421794,4.473677455880347,2.255180524877386,4.3887351151864085,7.096407935350552,3.323647035336937,3.799322681987026,6.187078864586382,5.006120233477145,6.169245904973481,5.475659081516672,5.959250639103146,4.135397628380918,5.463461884060785,3.1452539886081325,7.5768672450067776,3.7314505663653725,7.257694975098779,1
4.5327860780342695,5.403998021514642,4.010070898218599,2.968009137663942,1.510479224789397,2.889351682815081,4.3521822935681564,5.423758357657768,7.020758626566527,4.108485080406302,3.236078471465652,2.114570427994575,5.960127235808208,7.7663890306586865,7.532660535912577,6.419865496294475,6.277086634535198,8.395247559418682,5.664162922833621,6.292259352048343,4.358432276296002,2.275913258290485,3.6323021990008475,4.981681922930689,5.121570745002606,8.852571709710787,5.162554335182137,7.357686888051287,4.129845516847368,4.376648228469532,1
2.3419847255531034,3.515343974246856,6.053962782727506,5.015120360788266,6.885877239794468,5.362507896690101,4.295092536724517,9.296593727573917,4.812192862573905,7.326001939410608,4.197581586910645,6.419198958767133,6.856031318303374,5.4169839411511616,0.2910341546067956,5.0365049217122255,7.460920095519951,6.054961666055461,5.891677750458493,1.5554861320849618,3.559089858649882,5.822715262302878,5.820766553573784,7.429333560265805,4.710266489707811,5.811648173347629,5.032748483862587,3.0261145269968863,0.488417337810505,5.862019384260154,1
5.347894416825623,3.763649915799662,1.7616538869682703,6.259479028817476,4.468159851608896,6.113749444736291,8.728097060823517,0.7171382393605903,3.600798382595272,4.581248773376173,7.909652348293301,1.7271939615870302,8.871722051361209,5.271711803132581,4.807998676532284,4.603880473562187,4.127473935639943,7.096233518538309,2.8629584918351223,5.690828363287707,4.231636668586049,3.4757331029718044,10.17195035136779,5.83810146950692,6.226531089322288,7.275553561337325,2.1573001093629056,8.504583818244063,-0.017914356990151425,3.462467179922959,1
4.081936653642199,6.163446729941012,5.437436532282976,4.666370518603213,4.9760053107445525,3.0439539529548636,2.0055352110316536,6.453023244672121,6.387412225072371,8.168988750314117,3.419965806369584,6.385630420601846,4.432586543270537,7.380949970386965,7.043925553356283,5.422418798448914,4.3209396866680265,6.921864357216522,6.2938090465131316,3.631119195827635,2.344402653041138,4.4229341986364075,8.030827630696418,7.292974317466077,2.7753450606588386,2.664485168200158,7.549367699358973,2.728728190484342,6.018590647284016,3.7678575693273526,1
8.234089849043364,3.4591504017242425,7.286723060411656,5.3697173081207294,5.504389708468573,1.059382837297198,0.5941732935885629,4.558868119465372,5.493812126833223,2.7496043445245535,2.8226131790473157,6.1229452596522655,6.125708960914261,4.724517879224146,6.5604034423721505,2.651595408559707,4.288130165826058,8.295755211567347,5.136644259879635,5.252625029173998,9.61189317193548,2.2013156683024584,6.592860733284221,8.3279725596162,4.350284147002908,6.719261573709693,3.0359610055781907,3.626535208865297,5.769932832095269,6.59713334622118,1
7.241873024812492,8.139257173878987,4.865106882889636,7.387223510345176,4.315390313101702,6.804182623176536,5.4149775957043635,5.891355814163848,5.8470157480440745,1.7905899804043757,2.7517562822784534,5.205082879635045,1.625441840717663,6.662422206399512,6.743111932576284,5.654341105755581,2.7577319744841557,7.76027787773703,9.074421279436717,5.294153654891948,6.021070756902473,5.403477309592088,6.060738377997598,4.7608824867472075,4.930871520312393,6.8114352009947305,9.69124832379288,2.1998575311965225,4.792375031194066,2.6390790295358357,1
8.184049797152166,3.8245240613602034,2.113598412428412,6.276373997697147,8.488622229486221,6.327195737121525,5.409595754563835,5.818281845551988,7.8296813256511095,3.2516014599717002,4.776305791827374,4.094619702980934,2.6642693854165795,4.343249481166395,7.215442191964897,6.1332042967854505,6.288621000216401,5.292951223306637,6.046647565457177,3.398819315303789,4.380980228145542,5.384008473937353,5.5550317177637805,5.640375709843746,4.723329435967244,4.245153197739341,11.315542566088595,6.813574545864798,5.826294951905245,4.5335830035872124,1
4.097562346112247,4.738398812546088,5.5856576871733665,1.2391289118738373,1.8612208092506326,3.726235222122085,5.414278873557137,4.521453705696297,7.9562424521989685,2.0352064260084624,3.4973090607932593,8.040183481982202,5.2622386493502935,6.769685165602317,9.102493886538927,3.612391164196355,4.8013713244159355,4.455146198138257,1.090813991033449,4.3792063924880615,6.762124374761331,6.081179083624482,6.23816633877602,4.248982038721001,3.687805527988717,7.538511343797241,4.0053657072846605,5.588164077586428,5.326669361355077,7.923434032514237,1
6.942824715344719,2.4094827586657583,2.62489366644992,6.157819636138268,4.871324705241667,4.089656432092472,7.031255767988942,5.3749187641778216,5.104914773778888,6.559657281510099,4.249782010112871,8.137037970945109,3.423904753533984,6.313858132684176,7.867665677319689,2.2454090214558002,4.313329648295102,7.284414785771116,7.314489095462051,4.657008799223521,3.530657812646281,6.911871644661525,7.3670982051632095,2.6706733029752106,2.5921727020672396,5.450513363967199,6.258721266857784,4.40186182953989,6.358587639964698,3.579726786325236,1
0.7706128018525291,4.152197855334808,5.126464293026203,4.448320080207087,2.6827934726810296,1.368702048242365,3.9718223912642046,6.795311543299487,7.512394878827365,7.37542676827691,3.368180929702894,2.692587352739272,5.9932692299597905,6.270200023195851,5.8003392104009945,0.9718734515244734,3.2662308302330665,4.940622419428043,5.9744363892608545,6.534614725204974,5.28850704456408,5.661567613076472,5.169730916722209,6.371238748436966,5.625731302981822,5.131475320094575,4.463262401725238,5.162582850084962,5.969182757678549,5.534950777796123,0
5.761652836690508,7.685443722702371,5.530327845493175,3.7020029590536847,6.7672135719883375,2.267603324662165,2.8371732385214257,5.671694529440138,6.032793335573158,2.50989755299201,4.2343650380265,3.7878323355606827,4.026647354236807,6.887195552545892,6.413010927094506,4.961755640292585,3.9080761457701443,2.300700659559719,7.840369877563898,6.184227800569837,3.586661791853719,6.439198995249783,4.859552758850748,4.425780990275314,5.870423056579205,3.51700350017455,4.31248696097978,5.242922128399091,4.0010976142295736,6.338170420535048,1
8.738133007356522,3.4914037347857145,1.6697494073919112,0.9965196650474768,4.699063717010036,3.6736708197476347,5.415721002134161,5.265195344052202,1.7935663067718077,1.370232341037188,5.5918664806921905,5.270857669439914,4.148364003266898,1.6857128297353907,5.9427825255299815,7.543799090847887,5.555964880437845,3.3050522188698706,5.089104331142303,2.26777183813263,7.115921427677585,5.163688669059078,1.4636861764935363,4.398651279112634,5.926603020468462,4.333904758048956,4.448208557119652,2.5511955859054565,6.1330819741633125,3.703061599961725,1
0.6871092459899346,4.257485258659212,6.962299431140706,4.226141106800105,8.475969970247041,5.857935897097034,5.677516324560732,4.743203468164782,4.8634275844714185,4.473152729760992,4.395461215834947,6.061734324134298,3.128337540418869,2.8482123425514807,2.7536098982492447,9.091309095354308,6.06068580334116,5.60898440336029,2.884970659413137,6.246684601349657,4.766857307093343,5.4283378822635,3.046759368272888,5.320537714835154,4.152332923587034,3.4687776859396244,6.468212671614498,1.9245843829399951,6.129552528628301,6.368972267105992,1
3.2407126488975186,3.3593430777350655,4.553948637467196,5.564072420924441,4.694290016371549,5.867124920383759,8.525959305074798,3.984566461700572,1.569640058593159,6.651847166061306,8.36662915185506,5.785536726102249,2.824502649292664,4.752215273529598,2.7629530315767354,6.285710987925896,2.297419194603131,4.3997424263436,2.991324347412187,5.253649370269923,4.267316645724485,5.353524206500528,5.044701109932731,3.026681944551779,6.253754127058044,4.902468696313769,3.022941984268199,9.481853112411585,5.952860333434249,4.693478893201389,1
7.830409053403647,8.683631218773215,4.70930115537223,5.6947949728695235,3.0239943639941185,4.705614498463977,4.60187489248026,5.369654067243308,5.665520957274021,6.11965689765612,5.475285312599918,2.578514746741671,3.12306578851783,3.907184761072654,4.435518816153542,7.101548580944227,2.674122026294174,4.2851699036586,6.9060189964281,4.400245051006776,5.9208312996856485,4.720915914144193,5.513566514649446,4.543054912380919,6.3341309454567085,1.9098871851871295,4.27337598322291,5.593145353388616,6.067390496012386,7.985905245507656,1
4.217950666268847,7.958963523721746,3.681952346680659,7.657292823089287,6.634934253396745,3.1730828407355545,5.614078474503644,4.897528328935617,6.251169187350001,4.553456823133381,4.385507548676537,7.738189165525703,4.802558211088654,6.652844648383533,4.5492970299116005,8.333326518455046,3.643330741329013,3.7717129375056304,8.049034362231806,4.110107218209494,8.202148612328784,6.7836811591896256,4.690700586878333,1.373413055965683,4.961363391456329,5.203260107066849,7.3344354666087455,8.176894352480224,3.6300256417125047,6.602363527976365,1
6.530804312026699,7.14682540482089,5.997379824271089,1.1150046180764601,4.689155134944481,2.6885848501661695,4.594788454163853,6.960008472267788,5.610301671749945,7.2961817327948655,5.683507841427079,2.4033481206621947,-0.04169401314546928,5.297617523359181,4.572147067297669,3.0461085212362358,1.5987455006972442,3.5305135730545816,4.611017030270448,6.3317556474127805,5.37726216313596,8.216134494345457,2.9287918879092114,6.762117784114867,5.094597486257456,6.389338248237169,4.126970273468913,7.14336074778118,5.5904495166904855,3.6411100301645014,1
4.975951942173624,4.520888282125801,5.978356701275588,2.640446501250983,4.941296595768611,5.790614505298661,5.0660466143860665,7.693882488777991,6.548045548142105,4.985038406518507,5.433378194995346,5.591331102963999,5.806599208333648,1.348684008670784,4.396947408461306,2.0311218636131474,7.556561894918973,4.878300959994145,4.613318100640755,6.79359466406647,5.8446495948997494,2.7427309712415857,4.858189274945262,4.32966605354723,1.510934222787892,3.619447533525591,4.6329193559670685,4.770098137016315,2.0355371526453827,7.303331166094951,1
4.795793882217122,5.0751061533211255,5.801283276679674,3.4238474921926576,5.912711946265393,4.265850707963634,3.206828918705617,6.146894986710798,7.983347717603616,6.4496587469716635,6.845955130280862,3.958738786875402,1.8047605416630872,7.980275044199683,9.10902977880952,8.085613547539364,4.328428122040501,2.6907313225423115,2.868634604360867,1.6325348647719027,4.785242763179909,8.211355916164909,4.716674736255514,5.60464580069655,7.7511939286084175,4.1918093763352005,9.071062913439189,8.984188814994907,4.737777322639035,3.8449314719615746,1
6.394476092780626,4.304950114962284,2.6868895658653273,7.5624773070459606,7.4328947745541605,5.311023207527121,2.4742704925436443,2.5409474975652278,5.214458576838306,4.000257930989935,4.317814135716784,7.043926310120007,6.466358634845116,7.756285360995226,3.0187535532454848,4.313616862626576,6.517963390920226,5.896156682025784,8.064760765175244,5.841073411808138,8.696218208211105,6.080035603446282,7.12433489517732,4.352970106431085,5.028574423767978,6.821888807678951,8.225956341186109,6.458473898621506,4.833656456130761,7.754670059056684,1
0.6160426874402383,2.155530996986253,6.363268447336778,5.02821671250625,6.211027302248331,5.1288150448638845,6.141891389207745,3.3711943580136188,6.1409721721593815,6.9888290564151685,7.441101207862465,9.027108589297399,5.488196887004773,5.547822173694358,1.9536550716523045,3.93717719772315,4.613835851986774,7.100639104552711,3.7779977518207417,6.592680039497665,4.996756566073239,4.645663769770477,5.497787938266513,4.217687255494315,4.141925503814669,1.590428188419771,4.504091585344221,4.040063707702547,3.968038021301841,5.833746125180081,1
6.31726390558102,5.464389009284655,6.990830380898949,6.1511238516607305,4.409887620388716,4.074287428571241,5.625644473533693,6.147534219803802,7.795688614062996,7.382346089880191,3.917053986985662,4.795987439745477,6.3420356098355395,7.135995556117944,6.877938937409584,4.8722443343373065,2.491954695142967,3.0021272475088177,5.545267028638829,5.684451158848691,2.80264125313123,5.089139221778543,6.2624487139435665,2.6975466849857117,7.209994403608829,4.24493770288035,7.515226225153302,3.933095108448199,2.946749034231642,4.083726020316561,1
4.809703753845359,4.223040186457038,4.567997156853774,5.66793029935238,4.6576412604072015,4.867775212095986,1.581547201594808,5.783396032020946,4.821593404616664,8.220585960965742,3.1208696654920836,1.383409343000971,6.236136987860084,5.693054036626001,2.9831339589377084,1.940502089991817,8.07479346136858,7.828220781213563,0.025086482587741266,4.083553941486998,8.328384109567798,4.0478748844442665,4.0187755319466945,4.434481344741263,2.7582060524636813,1.5904485115439115,7.105094621469497,1.3141261875046486,5.494542904217512,6.773158985515299,1
2.097547402197683,3.151463194809857,7.426358376783179,6.06578344045408,3.7654285862422254,7.404498006722342,7.413071446908605,5.538105386031415,3.199679544252674,4.173102593056409,5.57277348791078,4.622810341705024,6.877914356469702,1.9404518397813275,2.0114729418675226,5.361742222964865,4.016911172386191,3.745902770604518,1.4638865616512056,5.039091689596363,4.894489783998469,6.306957963903481,5.137812266241944,4.734791843519006,7.354001273580675,2.3750653931029,6.072778437695153,1.6577056704093023,3.3232762399983846,2.5746857347533725,1
6.5638850709038365,4.869179532809212,4.972993510814047,2.786534024541098,4.400613008134222,3.4730693933817767,5.766910029708432,3.0178177293367727,7.659588730410151,1.648839100751811,3.3869603350868775,8.354401019932192,4.129722504075931,2.370242671191176,5.438143125075337,4.049215515570916,3.328259488763388,2.808258378402565,10.536747211251885,4.496896199631728,1.1488652793342458,7.987419518011068,6.222141810221141,3.4670671379604245,3.133761822627717,6.3469455923164615,4.506163345021091,1.1480443631097974,8.574479929209337,4.132019075568086,1
7.991143472964852,7.55686991593143,2.9979809110343716,7.066379728726296,3.697114900272638,1.2665988263921162,4.150803667955715,5.7952750035525575,4.074526704007324,4.385903318149797,7.287132089857225,5.212987960580183,3.3134033774300953,6.404060647334653,5.39535113390849,-0.04320960292408582,5.856705827542897,5.783657415432203,5.04024225916172,6.783401162139151,3.6552128313469954,5.672999577641802,1.8660812576652943,5.814180766797664,8.906119391079793,3.0102872950649178,3.4803957360244495,3.5799691142168957,5.2599964516031905,2.8739274542925637,1
5.84249475738196,6.693679890938331,6.068694426907569,1.4631691487238552,6.990335330317212,6.87473482850736,6.660322744692609,5.74568449731165,5.440378628410266,7.064778796252794,8.847026975206909,3.0939190732703006,7.156250791589544,4.827565803985094,4.740653895942799,1.9269386192359232,4.43042118096921,3.005470084063169,4.072291140988108,2.8036272324437004,4.102183225373987,4.1877792859531935,5.193509836877601,1.770500275417338,2.108963704509353,5.723828541461053,3.405123765859802,7.149059580459863,5.450539444030094,6.213524300412814,1
7.8213846408417895,4.380578376386855,3.8510265891674487,6.743405171197627,6.019027127859372,4.625339380357398,7.782915933911884,4.575511380320139,5.065547275111562,5.042445301668517,3.1308122102030578,5.155170778972782,7.793520354796982,5.889936630752351,5.062126852797863,4.676465437668662,5.661734056812702,6.499533256978371,6.218477661779506,4.336270276356042,5.649563188220229,5.959879482296557,2.9856100249460433,5.336461082367388,0.6773922273952762,5.96506741964237,6.320686109125363,6.495092251572919,4.209906295660865,5.6180936700480695,1
7.847907691082334,7.8275392965825175,4.941654601546879,5.278639261459119,7.221822289468866,1.9983959694756503,4.353848514645951,7.671140911073513,6.950401083369532,5.738527555299809,1.988335189338759,4.900179533917676,3.820169207500134,5.662077805634427,3.3813066304102395,2.948553210050785,0.8702694446327168,7.443609369953403,4.200458977113885,5.3142915674050695,4.995523767051638,2.8651321340790012,2.4818701771036134,2.989369748005529,3.553663122341214,5.73321249402761,3.408564672958777,8.492981263189243,7.054302071786302,6.616719099331417,1
4.7606821950536995,8.028561471440968,4.563988737757752,4.937477171691508,5.339949079498539,6.403646081086688,6.273816158005971,4.049749443110794,3.9340125611480925,6.279805914304169,6.430473167782465,4.213297750354254,1.8256238606430921,4.585367807983511,6.247051597651717,8.610833692839561,2.604084075318676,4.146857494338853,4.221192876949247,7.7116106788630026,4.930116999082735,3.1853468812554686,6.117390565843638,4.190722959918107,2.5512254532840912,3.2144533854476984,8.468083908845237,5.768418443298924,5.215520110905086,4.500212528375908,1
5.5842976842375975,5.560471892004989,5.584337656414652,5.229690180555506,6.737596676611099,5.046208692001462,3.044122328894723,3.7751542181982636,1.0419626130205755,9.053634232084786,6.725509183905373,3.3398590097415264,4.4363103012058005,3.7262470515871335,8.085094422748234,2.160245671458142,5.228952117637559,4.782944314870305,6.6536772614182285,4.79198154455061,1.4835822466891297,4.4977643307151185,3.0556755641133497,5.1591590931131215,7.868354073040653,1.5211495115354436,3.3995545292001923,3.894614092433006,4.236737809173578,6.480251328210489,1
4.652911164877225,5.831605451440891,3.7484539125364473,5.459848690835875,6.55559526175543,3.535400900525823,6.56271623961303,5.104745537455137,7.090920480964505,4.597160199846053,5.762489310324198,4.91878753664294,4.807575475918842,5.51786085645138,6.073614938449808,2.50087017615199,7.867267217635756,1.280673918900403,3.630375780522208,4.8114618584701985,5.824711938171896,8.152345055482757,1.2834170235497853,3.9846117432205785,0.7463330244014692,5.063243947820496,5.543367169000061,8.181591484342505,5.241269521786908,7.08805025888476,1
6.167674163078118,4.1295036059896635,2.1820785064159214,5.550004596583621,2.0157959657092723,7.590414145339288,4.675875795926352,7.390354823022832,4.039571131735201,5.537701572801984,5.418697714669378,4.909911763978152,4.134680973206816,5.784912036941041,3.147673473033583,2.5811293420818826,7.485653786653655,6.454335977784201,5.13178321720448,8.330284765087562,4.464468962550311,7.645406439977959,5.351148169851644,2.9504984998472197,8.6960803835417,6.98142169324817,4.757957937980871,6.4543425190678985,4.192593132004187,6.658298070119084,1
0.2178428694320811,2.9603973326108126,6.958519488573925,4.500688923562161,5.415084589777484,2.306428675769131,8.695733991404206,7.381059287435353,4.59862956324934,4.190608286273347,7.0592087228393865,8.964940900337854,6.907520511622708,9.343605334793203,3.155297341876164,3.3612263390024184,2.6221177638933026,5.883521299298959,5.35120709960874,4.696097753056028,6.618517256246597,7.464657210429328,1.948675181426316,3.806055944197769,6.64028718824612,4.064522632282836,3.403587847283692,7.037074855300789,2.42099986055204,4.39684038441779,1
5.657288051609617,3.8523601721797625,6.566311312026349,3.862246049605262,7.817238986891839,4.748507405008454,6.342540273410707,6.492047905965633,3.7449199945118545,0.8930269026882227,5.721511509327669,5.144576694249739,6.1116520551502544,4.546945055234324,4.139144602398568,9.016946021963399,2.0552918769784445,6.467900956728477,3.850796283633218,4.328442764519156,4.365794334852069,3.393131451657486,6.142448420472479,7.7812871918999145,5.940027322493323,5.20676399242419,3.027119001801507,6.0336505316489015,9.312699263458597,4.238610752409815,1
4.248032841296268,3.8778217380380053,4.021171531011159,-0.4905991073447691,5.810070771711426,3.3088956472907727,1.7794737624163997,6.506379899465098,2.8359644299161277,4.322661892232484,7.93288478237716,2.181568403950973,1.934803530804476,5.538612379124676,7.298974728020736,1.851316564536074,5.815379473674354,6.161999079923384,0.8816790326153594,6.597002675814441,6.753211759684358,4.37642885348795,7.504692724596016,7.2729111486496905,5.20623585143441,4.097109219350132,3.054344214834086,4.924872981267618,6.139517839408358,4.351646277918718,1
0.6049979894759403,7.53742778915314,5.380446443689787,4.240751006646333,6.714316776846577,8.049277192965512,-0.6038231389757831,5.868527299844143,2.1467015783793055,5.998221013597883,5.255854404749159,6.2714530528811,4.00150477101069,1.253519776361696,4.099263617486664,5.813695270279566,7.030784657350447,2.6563373990549497,7.054120853746035,3.704255420706957,5.724899763189053,3.9802120942687345,5.364341255424203,6.783755269140549,2.5459718454229283,3.640188206506337,5.369925174684173,9.803167322060705,3.273620575666344,9.080267771993839,0
9.008846607350343,4.805377698596818,4.403694947600199,3.6158696026706165,4.863594939334662,2.186561134880884,4.847521965358805,7.993760547701712,3.7778298750465646,4.518551392021898,1.5977190514655164,5.748124176262087,5.528963369902748,5.127404719531542,4.566345899555714,4.414484162455091,6.003800467401344,4.942366796822753,5.6299437431106645,5.429965634909096,7.246854574191524,6.353988194750109,5.3857236863003815,8.03684406130436,5.840537058113123,7.609925377580838,6.213885216773276,1.3161618421369141,7.609669526638659,5.270352482685338,1
4.896090458198444,5.562696694979154,4.310033676085865,5.45405772077789,3.816247867313815,7.54854451746874,4.772823772757899,4.234832314555133,3.150148368561452,5.537551578297283,5.374214200250184,5.7768492273550125,2.9454962249897423,1.797637602376854,6.25118260501312,7.969283723753016,2.9472927552202077,8.178882567123397,5.567822117472762,4.985874190898341,4.204902606908444,2.2309639611500067,6.975457031849199,3.4487872771247936,3.4403866485247994,6.983852619773909,1.2340331066565469,1.9528043786636666,4.963731512983837,5.586568858009704,1
5.969469295937848,4.396403013207494,10.06073933728338,4.5442148824683315,4.538427695794556,3.406026662372245,5.247813633042142,6.2299224640935496,7.40715610906692,2.021431471119564,4.508009323288598,5.893407221618288,6.174115069189071,5.013097315609079,6.084847939064204,3.3820722141483994,8.115810864636714,6.9852562059588585,2.3101444258696553,2.849793903766489,2.9061564997861877,6.355939941793057,2.4305444671650656,4.337951331583839,5.909408792833549,4.867668130907131,5.517775031425412,2.8683945773024835,6.189708746794489,3.773576215048007,1
4.3507606512041175,5.475463455811973,5.206156443061697,5.047960038031186,3.498746356046489,4.400901177601615,5.004367181674072,2.2498295336658303,4.074934067373242,5.775359758065693,2.4451267923093147,7.31316330318848,7.539226525199686,2.509698848079829,7.715239266100278,4.712836822575731,5.83702911831411,4.006697895743507,6.8460896544535235,5.812188037697334,3.371693486804793,2.669596000069423,2.0793951295815547,5.375883552865513,6.144942823559472,6.301931357558883,4.764037810785244,2.686007088671272,3.6358504039524338,7.304697277923852,1
4.030742870799838,5.286835261362953,2.848699032850225,5.67316609091807,4.084630876641844,7.093425427551527,6.547115412413627,4.0085881068502,4.746671945304673,3.8977675199187427,2.1611336069099805,3.2851151409055666,5.39643465544164,5.650518996459164,5.297095807185277,4.396533892082728,6.866133211441971,5.127083809121875,6.406507656191895,1.4524497355949628,-2.8448005032366845,5.56757605567616,2.150468692557021,4.575096594573888,4.3958059179507885,8.174801204831073,5.7999931058872125,5.331718053597346,6.673982309267347,5.7369951736780775,1
4.084646014023134,7.14295186050912,2.7804997442234516,5.646494375067125,1.9048604117273777,5.40788771503199,5.385979283545859,8.352909923829326,1.8700522131164412,3.798225648292375,6.645364853148288,5.670634512794615,5.360610102675006,3.0877285940829218,3.818363303817142,7.490082016446513,4.896981612492144,5.750719392288946,4.7696233424470424,2.6338289695004695,6.867620852149994,6.006464769064992,9.611273674734377,2.96883724069891,6.645145842400961,2.3769120679259976,5.314693135346156,6.953013178126329,0.8557297678070261,4.590135051516784,1
3.8735805319147594,3.5960854034097562,5.770425304518708,7.24137141284519,4.733442569541689,5.410972855120041,5.228617506118495,5.003607012712829,2.8213147245757875,7.216889203445786,5.590390736317672,5.789762980005156,3.3869807419488356,4.081559204021519,4.647731604578444,1.931750613102297,1.6239313496046437,3.7985041387228646,6.04504153288478,3.6937252201401183,2.962389604818573,3.37062869352466,4.089315153709375,4.292282074359792,9.331042904413113,7.109241256974636,7.0495482245634555,7.337160728546763,3.002358261331901,2.5552707700255217,1
2.7862594169318866,7.669012266675676,3.905616422235018,2.497287635521426,4.138007599560374,4.522788936570745,5.536826547389124,5.501902041424086,3.343638872252984,6.371312785027422,3.721612932499684,4.687447326589914,6.37354814100671,3.7163571921113174,3.861297152837725,6.183336099386262,3.284533646789961,4.230415952791859,6.111484356085785,9.10818488287195,6.2108090095254935,5.945279525980023,6.061603167345459,2.8536194518659013,5.231193477359816,4.940467023327196,5.643169080745512,5.233016104951742,5.759399354834225,4.377065610201597,0
5.1172178347435855,2.544342867886016,4.3601854439941725,7.781667096353287,5.637616679256512,4.958157925233846,8.792246552508693,2.2783300433978417,2.7810888891075605,8.425422822552544,5.091921872097868,4.514833927420413,2.6015913498087135,5.895392532790024,6.088919739054925,2.8110112783302075,4.719448828899143,4.328968335933868,5.511954292837542,2.7614995155587123,7.5038949090263145,6.831647563195208,4.273648882534368,4.567162576723257,4.727155699444768,3.4433828939869935,4.113141163529929,4.459459264650782,8.225736741414256,6.893236616660873,1
6.869309414673247,5.73985122600878,2.765345982137531,4.917017790845241,6.94097691922676,2.483470741265424,6.273106413746529,9.645218450525533,7.123633291979464,7.828058271123975,5.436677500884321,6.93586389752998,3.564293571291929,6.591727624682453,6.308776268121527,5.579822348075326,7.632014839436996,3.922430324305223,4.6258849670526745,5.1909240827165934,2.940778057821199,5.4538638876004955,1.562139174092306,7.093909068856418,5.093274733131931,3.9582141921924734,3.331252775409757,4.530841940761625,6.3765194215448275,6.095477957475121,1
3.588924105443078,3.307920654744731,6.313797412639294,3.555305190769941,5.119819548159007,5.2475092850485545,5.624124263453477,6.716540860363743,2.4740741262653545,1.1776813494790246,3.8651054375432965,8.603056815664372,9.044348200174756,8.662354271131775,4.614037264478621,1.4357698360303424,0.31392179669631837,3.771923676901178,4.60385273970128,7.601250802111918,6.735610919084891,5.454810157983241,3.2203104581177167,3.0784408835102193,5.508255374142871,6.394101957679453,5.783762524491169,2.9308040807866904,6.301335257584173,5.851821934202823,1
2.8586671876196434,3.4313580593994883,6.376991949123133,4.530984929708218,8.178294603272914,6.0022585521291525,4.026737623621462,4.979588799218135,5.126766785275437,3.54321937351658,3.1748236036447466,6.402779787618998,6.690546594084191,6.207562939105918,8.030636188647604,3.9164535279767962,8.34854153214226,3.1981577628916944,2.9746288732630144,1.4800822357014995,4.108409372346366,3.9925553263410927,6.051874560509301,5.487781883240902,2.6140532579617264,4.214547523148365,4.257075957824629,1.4480355060762147,3.0381065459732612,3.4583727387718213,1
7.867250039641893,5.382901431914705,6.324337507894999,2.002729005701576,7.388428966027984,7.602204126048186,1.0033100657107479,3.5893665521683036,5.99153114603102,6.288776907076365,3.6430105390255565,4.389001073892694,3.8052378779097142,5.220836093892239,7.3943570629238256,3.457915685717591,7.001640995536828,3.436655855306225,3.3047455750062316,6.637189236686426,6.843872756015234,6.702819873525309,2.3684051835637177,4.0680980438558985,6.645977184006643,5.083083681127789,2.8526143076050716,5.916635878250883,3.570385482017059,8.589049696784425,1
8.089682924836517,6.208194852711134,7.722013409539548,5.129582700246762,6.530874988750032,7.95544059060415,5.490997363588625,4.489625656971433,1.5907560836457684,4.833732948557012,6.6468463691246225,6.891266855135259,6.0087301314368196,3.9174018100755204,1.046356862104819,4.00956980399053,4.391310257892097,4.374142065619972,6.237112713955849,8.97135282202968,5.247058403682186,4.5665364216870765,4.481556373991815,5.2487695338154285,3.3434124793032023,5.24039711749211,5.9016246726635995,5.419372127148976,5.915083868009562,5.867495218697071,1
1.4562066355071126,6.273740316790806,3.6579703086750928,2.808321673992084,2.7910963442900076,5.867083220945059,4.554850145550294,1.6360624320291786,5.956075630384567,2.1207837384023454,5.279642717036422,5.476997851346108,6.77115416339009,8.563369572933702,2.2706473481989167,4.895052287873901,4.447329409911565,5.867499371921925,5.431337541867237,4.29490751452676,4.118195622778289,2.767098289631905,6.975723164813019,5.918408363199059,6.835536395590275,4.379207727048973,3.686329062611139,2.8433698667415443,5.717835167481319,2.9204135509435307,0
8.6973261379331,2.384714837813119,5.547320238425003,8.133709414427573,6.198179518527618,5.351347424983558,3.063032706076209,2.236461622864592,6.540100217835172,8.012294481549894,4.122300019043657,2.721876984767298,0.08366113890196303,3.0384703126749244,4.77268631500192,8.198246481673468,6.346267384465937,5.610170809413506,4.199760677397738,3.8336685654880873,7.811295195015927,5.401477081516779,0.7947986161579559,3.6529207042055143,3.2835679364567465,3.9074719816450703,6.125821320570171,4.7851102364115015,4.846269185992676,7.626946322650474,1
3.607077820426623,8.7283990517747,3.657384817257828,5.1783963932251424,4.4375928091944665,5.246838267001922,5.8891839901462575,5.867670480177753,3.4937653387588403,2.7541706451048587,10.006343581811421,4.032031320798894,6.398424877343973,1.7847173789536064,4.440774560190646,4.745601232035114,5.945630139855665,-0.4449082819838779,5.3322812261566614,2.7005170892642143,5.648691422389848,2.927341606323674,3.289034608148837,4.452744779213464,2.8953410607936094,4.04893110652929,2.6132484629133694,1.333659096602545,7.035914104858719,2.4079026143521434,0
4.642638224784033,6.50578216298757,3.7701117949679137,3.3496682005089244,5.452476177334843,7.235867645454304,2.6613694698270622,4.699704335965122,1.5350108100653452,4.21359799263562,5.068409369076151,3.2907507164898684,4.086016332349537,2.1835464633851,5.154157222762987,7.111388497766299,2.8057122604590727,3.7546564668952342,6.005092492908363,7.424181438645473,2.0136203755821374,4.6624305251681015,5.5662616446390505,4.795887218742304,0.04641586624582583,6.002180018617544,8.038672702181287,5.233323502339007,2.9377878934114734,3.973745507271434,1
8.539826135311186,6.819925081721117,6.280053236768659,5.712825167068752,3.6777257756180552,4.598857638688463,4.844154528642968,6.0991486321288875,8.017837788533807,7.236676273586256,2.161231288407919,5.447989937802097,6.4735266903357935,6.237720660289271,3.741532473225161,10.828218431536722,2.4458308753377622,2.8336231066679,5.467190162523153,9.233606109927706,3.327610298591658,4.468343268706016,7.154587346031386,4.964275690224533,4.330792290939408,6.13126580377344,5.545035980459186,7.060877571273583,7.582937778130727,5.614006120010723,1
5.583465450756618,5.428221964572267,5.978261113298576,5.110341275742928,4.998783035355421,7.393254241654485,8.032232360710086,1.9848941107331584,5.020042303481138,3.6226111331095305,4.378057067027855,5.805032419470643,6.338876743084937,4.77574711277731,1.1733193305543943,3.069908838847641,6.792999340400332,-0.4808528440698625,7.374854303364,6.042459981289083,7.632352163060045,4.602861626238079,0.8771891519541901,5.860725283012996,7.549306248076682,6.849443611026842,3.674617033023929,5.173522150925294,3.934327462440152,3.361467071621256,1
6.910777142359702,2.6049353774696757,3.2123671388367745,2.791948733055229,2.0195049534019067,5.292828583685207,7.323006096963952,4.630246487509469,1.988504398871667,6.679889079484055,8.371403508069942,3.707515351706811,4.042891466564564,6.031321260166789,8.243747495570103,3.960331708549548,2.33510043800359,6.262837212544813,6.598136146284599,5.012262900870454,3.8837334806850987,6.988757461984092,6.056072009095929,3.4631289661930142,5.098189462611343,2.296584935950707,6.37178091287584,4.475532861234289,4.128578335230526,4.934251029695131,1
5.080615398660496,6.789860123131121,6.182181062650443,4.687181442414395,6.527336299437991,5.801474507383226,4.146800727427926,4.750563683527028,4.703554222313758,6.010522686348404,4.265954770556716,4.2191816271567335,8.937514618867917,6.879470963494208,3.478798671149722,6.141881987884396,5.2367001313103545,5.7831023505201875,5.2746826491302095,7.379285290970472,5.691240689302892,4.875822603571425,7.084381153966035,5.466570082175744,5.242957158658116,5.628045204972229,4.812781953267267,5.018453985990938,3.8266108224762547,3.4976655607522424,1
3.002859227035121,2.216033426405848,3.2405652772308873,4.651465931066149,5.206235164891274,4.457406873704719,0.2885930197452842,8.149172715524685,7.1729602457807635,5.891519702434257,8.814981345106537,3.0452717650325787,8.77525024125201,3.069571846498904,5.477475850582713,2.4523253497315913,5.029388191088733,5.772332995996777,4.69061933773089,6.427754888180275,5.198028898974514,3.9551705432449813,3.8663733643953213,6.621827545231393,3.6925159403860652,6.830805940969874,7.445423585663862,1.66257227530774,7.265852774602069,9.120845396889397,1
5.504007522403857,6.198168370589645,7.074010648738318,4.449035369641956,5.364560447075739,2.3716009407537815,5.277270057060902,5.996223991289083,6.032326045852939,7.1308494471951605,3.4503956437289416,3.934786486653007,8.79101469198271,4.6993432524725804,5.400067574624656,4.865979916549558,3.3566383473899553,8.247058421783613,3.944597176158789,2.74542895258614,4.098519445394497,0.996587996548933,3.6974250700336366,3.0637428042953467,6.234857261854649,3.653171520880255,6.775607871157697,7.796967986138643,6.5623506725751986,4.569223422279847,1
5.282228993411186,1.9500301197118808,4.7324412549575205,3.279123063866334,6.388652762298598,10.145504778488949,5.999643271947619,1.017719702090667,4.277539614171254,5.24498185074891,5.174714850520528,3.5383737487824938,5.490583485273871,2.5149983261612254,3.110182554629866,6.291595283207423,2.968673538240348,6.076423210984514,2.261072450687884,8.529651767583472,3.4514601551918904,4.552666856393111,5.661226522180812,3.8693000949978114,5.286811922142609,6.150713449040252,6.921226465006971,6.582994871945914,4.656379072394652,4.706736451912795,1
9.698217116050065,6.899778136498584,3.156352687359573,5.199976327531104,4.329713722443615,4.729331532153781,2.541009684583824,4.176153531228094,8.623111546387825,6.158152601751006,0.017677183697079712,7.433446984995894,7.1792590458183225,4.281429391387167,6.43452708756643,3.2812015783655983,4.059488567467286,7.997092721339707,4.4565399202605835,1.2605366760900178,4.873393554437326,4.842823214171286,7.39673713874692,5.02867284435152,4.156835377119415,7.090112290462412,5.241580465002221,3.4999546368685657,7.309995121083235,5.387323529033599,1
5.005851933358875,5.355816782823309,2.858663257166806,3.9446924476433254,5.007165203665567,4.61067260995064,7.544856765633191,5.434811705454007,6.709807845272805,5.018790709151699,7.112576967492246,5.795055513146308,5.02684097077692,4.973433822081961,3.0911227474180736,6.013831440272622,4.919590530927242,3.9960160796375908,7.212923541624143,2.4995679482103976,4.155008209135132,7.055437497559067,5.631045881840507,4.904282144694485,5.502007086300293,5.3588283420976826,1.9666749074281573,4.301476229304077,8.233043309027497,3.681351730445665,1
4.363397971791332,3.916758473381625,4.825969553363725,3.8337543373514036,5.97348300431612,5.394626824580533,6.547095230214036,2.898117667622079,4.319319034234193,4.5485547367757295,5.91129382017719,3.413557605585931,6.831307608516688,7.372831181035218,3.0222553047288323,4.018254210212868,3.9361369834158153,10.264772409354997,4.140199789584226,8.35525088431227,2.4667360097867808,3.0206980676712734,3.6267909363035984,3.308621377106955,4.464202531683003,3.5824435945570037,3.361316814530853,7.316943992946655,7.44758724502633,6.898592996750631,1
6.047997911168656,5.185486131559105,4.005938618668183,3.093684990489816,5.725991406865375,2.652739214906404,3.0121581416492136,7.305826512409619,8.801298083444173,5.786590276332961,7.2129143045892885,4.508303365112034,2.3246516278246316,6.224343237237168,6.138578646540128,5.143337107760488,4.515249083789778,6.924421157162196,3.0285339331450514,3.4524388422186845,2.983786986479144,5.169945925271654,2.8242139757814835,3.631515638969513,3.588488875545604,4.478783335332084,2.0252511071920463,5.174409984074534,7.4946073013293555,5.270982744633524,1
8.082642289602642,7.66799637175385,6.555470094495709,5.149371685273771,5.0450007764908795,6.52759954472652,4.216658780991935,1.2349584970650724,5.98400810820592,2.7378627401300575,3.0757175436192306,5.000447895991576,4.809750244893061,2.1758487873687393,5.330983128266281,6.932279321722097,2.7433168594684343,7.544966661697519,1.879658349740112,9.234648288741907,4.177479139033033,5.291233993653782,1.2159328550286599,4.875727867061383,5.456964355436384,4.827675791801011,3.8738378458952525,3.1068709629443703,7.261053239074622,5.0616142699959,1
8.081504753033546,3.947035290410154,4.130410613255566,6.631188489192326,1.7540500759928719,2.573073279694154,7.194969942706328,2.6561321415536105,1.3618979693949047,8.737054376146181,2.212364704251589,5.368238796656339,5.138170385448542,-0.6212566332361673,4.465365953664382,5.8968264989582195,5.708618763037721,6.807041367607003,4.225017370189132,6.425008884184321,3.6213418638398562,2.17906516717445,2.404543248637535,2.0757790896091706,7.019171935782388,1.9708529818828868,5.548077681298606,4.468151611855134,4.794702853098737,7.7272145903994,1
4.123145265569454,6.223203123099367,5.0751267027622236,4.695962188734605,9.599938248772947,2.1173165085692607,7.57826367087489,6.3128131309799445,4.040950010736432,8.258637034883224,1.3037797752229268,3.956466685401857,2.5830355914618477,5.82416692974292,2.773871797625645,5.866127893482638,4.627127168356892,4.041292114687831,5.777294492066621,4.462756752123871,2.8227303138819226,10.602745979269958,4.025665633941711,0.5647818396959705,3.315802620557223,2.4654466232545396,6.652291232081032,5.643305319183172,5.797425603580688,4.259955068325511,1
4.441299505886157,4.258137792784663,4.83761363172906,6.67066687072967,5.672150825010693,6.000225659241734,5.999117816498406,6.768884874763476,5.576300083080509,5.717696145357838,7.377612482386313,3.669908163993776,3.288514840096986,2.628156801626288,5.365829127240512,1.2925355175617534,5.924308192119355,4.781613810998895,7.269279399642114,3.6561653790700186,4.593363429164986,7.2444066665867375,7.766271293556304,3.63969526849636,5.36356246517432,5.5888379553680965,5.7473068112422965,4.474848681368756,7.56276679624727,1.2205930327569092,1
4.157739530397832,5.895861465545893,5.914449623898687,7.705518061229526,7.396450786402574,4.428916749385553,7.599742487061209,3.5719165124450902,6.861774765583675,8.621044956841986,7.429888213709939,5.2115407670482465,4.336442456455756,1.9428174074814275,5.621079275828408,2.7695655440581617,3.413730672772126,2.618508398526657,4.0792153346866895,4.944061171026036,5.54722916233141,3.798986729172073,7.138567412790366,4.583589484020068,3.424555133468962,5.452584534486872,8.927105667087632,5.670321133070235,4.274288745252786,1.945077287762592,1
4.561175358055859,5.469856250176231,4.22483821748886,1.6692307235180008,3.298869220993132,7.909076921775515,7.868002007460921,3.226721661590804,6.345513574398844,2.6428544304596526,7.808632563989905,5.4904716957884725,6.899282997233067,1.5698133056349222,6.355274203849776,4.984651872630993,6.703858141581685,6.829735596195699,5.131569378949499,3.7983407218081706,6.559392364358988,4.8796910011897445,3.254430092944715,3.1596955370846285,2.045671167375237,3.9794176808738735,7.205384092148757,5.355659599410869,3.940464588153919,6.609711876360159,1
3.3350467565532225,5.190700548665557,4.640739254548969,6.558261251176704,1.8455432581609985,3.299604508370688,1.7235086818109329,4.48080655638146,7.422855007264861,3.9891055806929456,3.9786321236086986,6.743448848368272,7.1370991169105995,4.82285786546242,6.369429708099784,2.846090918244107,7.755948667850827,9.297412587874103,6.04243158237745,0.831336757314399,3.883539475204431,6.225650643338643,4.157034005667274,7.5443971085001955,6.17631452887173,3.587048998468407,5.064529621542506,3.21233355872182,4.6348302431751165,3.8908135191348965,1
7.3495236004660764,9.23202411366199,2.137623333528496,1.1535674275804957,4.509655156297229,1.963168602342635,5.0924232073418345,6.497872227611854,7.9882837945336505,5.4027891174305624,4.613689550300842,1.0432301668538315,5.052370298371597,5.142574521098924,6.277913628425491,3.5830237969418177,4.12989479952828,2.0439954893916314,0.41741438623186955,2.7830058184064335,1.859348371493967,5.673424590841222,3.9637318866662854,3.9235257398504215,3.031173907649576,-1.4651308650248671,8.016621497495102,2.9994589544464234,4.175159860300186,2.090215669421379,1
6.943860686881267,5.286857874074649,3.3472694294682626,4.215540777311952,8.35635984424974,4.854061136237443,4.636532924768188,3.11723702772147,1.2108376990553942,4.679922652841311,5.650970224649235,7.1991689286553395,0.503006931000689,2.749807345953942,3.8385178188870994,4.993038302853597,4.7099326169431555,4.756622628625461,5.816192117139889,3.1934137784417818,6.868282884467389,5.866904883398961,4.360335471743841,8.20181598377783,8.112832071143533,6.865790710387618,-1.037113541135585,8.157890185435951,6.589517044943868,9.012817275425874,1
7.4749291834670775,8.156685354994572,6.757309700360758,7.697386397291025,8.98824748146888,5.433109476756412,1.8555389118437406,4.3850781999697155,5.779891198766873,5.1497751687431155,2.506876067681147,1.7378647496100421,3.5176746627303412,6.615479111968302,8.160679541645939,6.8331352275554025,7.114854574228272,4.838368853672884,1.5158350845880721,4.0895588382345895,4.482471176255243,4.005895026328636,5.109389730749252,5.882839519785901,6.706030376486995,4.443760271267331,1.192481188710813,4.03424456141773,5.087420793983967,7.4456158442668166,1
3.8643843156317894,6.025087256798804,5.580175799270865,5.087801066246777,6.8610666386491825,3.678317606494838,3.849627100712967,4.976198353811544,3.7197069898126003,6.0160245821092,3.5736153912677344,5.4526084154902685,4.799654462426487,5.429851929553411,4.080517209873921,4.321823410946346,5.1920185359941,5.404149012322625,4.991596169217688,8.410724713026168,3.0185261625174316,4.871592410094573,1.8527419557660307,5.744162957334773,2.769506927246372,4.443379488246848,4.255871349337348,5.561782253202343,3.8944181649096397,3.8093886046120353,1
7.871712928171796,5.569133580949052,3.8778982959554638,4.4983326563775385,8.29070990454149,4.529670243497806,3.6214467536952246,3.630007699747215,3.9017470380208454,3.811004555146555,2.440704303301514,2.751599806106044,3.34135925127726,6.183142036906196,4.237525425454253,4.58567662181192,7.540176050509794,7.590014299876836,4.43575011372453,3.738272978633182,3.2711393726529243,6.3855515394164755,4.590585532955425,4.22701021935442,3.3726708497248943,3.460667181977223,5.6401163829864895,2.369123468225476,6.989737387575877,3.932310712370163,1
4.700728111496415,2.3260440837188914,4.975268123515271,4.34335811461888,4.899838802287067,7.9434177967237805,5.35539609158048,3.410681631708392,3.5773601789068636,6.190262371827537,7.597386581986848,5.5638360415021,6.377425489109539,6.21947544667341,7.838128826715042,1.1008196545479345,6.334437878609057,6.967472087807128,2.322552587728853,3.228663631987168,3.298434502743693,3.5424196072452334,4.0365658981289485,5.485205626109883,6.731349302334739,7.162633915537073,3.3243538776644366,3.3105940025940344,7.631643680032446,6.293487870837289,1
5.165729683737992,5.946673351109935,4.9403924362971186,6.04916936609523,4.327866606988519,5.537609868878461,1.9789078992610074,3.624431410349138,3.645977646419313,4.251219933586172,3.146973490440504,3.9329127483538366,1.9711718752037588,6.0974009527898,4.834972962177211,1.5895847844479665,3.3303401789066536,5.673202855124334,3.9139561072284206,3.6061170797238065,4.8508146459838475,5.687195070356433,2.127295085921679,6.1002569624357585,3.3994134367852467,4.964144063500402,4.929159718616981,3.945867763520452,2.952680507738571,4.428626903815473,1
8.25066061815039,2.276649939072738,8.38462603820975,4.480557657846935,5.0707428341772784,2.8265783772305455,3.4574611666450386,3.9941806999239615,2.9086100582441756,4.582164085258256,4.185968216386458,8.701562284871468,2.668051628639078,5.205381033497175,5.495692563803649,2.859358902696325,6.373654990905677,4.203345974236743,0.01522069683386551,6.31969922420913,2.7661182317952724,2.904450107721802,6.375804165784796,4.3056770351631,6.835544301103001,7.420332190730638,3.7101430793554044,6.5865249919100615,3.4890783972142363,9.466231834264352,1
3.6140859909375695,7.052174881920008,6.687580051763151,5.632175644217868,3.658913677166634,4.697205016117182,0.692823774110896,5.448840076764501,5.69923066205677,5.266998838122743,-0.946612342585115,2.468727109820378,3.503818034302675,5.583317866378092,5.578677811285969,4.659552416057641,6.270491073207913,2.9475152493942,6.2204700113879925,5.949484209679782,5.755109465675821,4.635919137828688,8.661487649662524,5.986391376979757,3.063328273492882,5.496610951471968,6.5049667541484375,3.823782802151381,7.178544493862198,5.764067411432022,1
0.31504332466930585,5.599343954675852,4.1879416911745695,6.074359629083472,6.888429680503629,5.390324094283636,8.33050446788939,4.642586230873008,6.24963564610775,6.609885147274695,4.805308062214534,6.5575486159555645,3.8106540256756625,4.154863161957563,2.375022619327375,5.482818232740094,5.6505033517086884,7.358526317158459,6.582280008711767,4.430408886705134,2.643640625331446,5.865700805039948,7.221506344829284,6.510369947607886,7.168955049714575,4.576220937603515,4.066762063648709,3.5261972955364023,4.888207066772809,4.842818408062361,0
5.413355257078233,4.741405085928984,4.732744540546458,3.446611894055712,6.883238027102982,5.153036124487422,4.651112131429436,3.5051414935015908,2.336173779217828,7.615928385098687,6.109277416263614,1.7521643148600656,6.526284601419314,6.8449623404662185,5.248752244601859,8.196221791503518,5.433439284245766,2.1663529441016203,5.730338002096642,5.489794603425459,3.79340630244369,6.14711767375485,1.664669467618276,6.9811336548855785,3.2437565927890946,3.030107749765935,4.772350455385046,5.86594585608727,5.32784812718686,3.5146816684552435,1
3.9878214176162228,2.733915305245076,4.55064019674026,7.15004242902182,4.991474124712248,6.718828509518906,7.910802675452383,3.8239629619260658,4.6268534938892705,9.342385722124991,7.88868682395989,1.655190948375295,5.774296632121813,5.001119984679391,6.652906221717525,3.5100424650298896,3.3207832559186556,3.647858569412781,3.856142907603134,6.630648333618028,2.63759765370224,3.754772200081362,1.4219752189971175,7.014235646824746,7.542060198862281,4.345853138272427,4.404101270373554,5.906443804565795,7.948964014756511,5.817221495127835,1
3.604916115049771,1.7623548560271192,2.7697474746730246,5.14643890062493,3.689344953598411,5.389935411981517,3.894151967527532,2.883707137411177,2.645936737093858,8.12470901874646,6.777975498367287,8.461035903655917,6.079901801510205,4.140017182770322,7.6466818449798755,4.933863997276465,5.441683540580705,4.914351241848962,-0.8938084385680289,8.209470024589706,5.982007891915507,5.65964612173702,4.8764478754588785,5.326855640772262,3.8054421283075044,6.233158704614542,2.385803311201735,5.372136864941094,6.123146941142209,4.602661732354194,1
5.74173558494205,3.0173312155314997,3.0683464582080715,5.473434242052786,6.357099309242104,1.2502686889965782,6.044041270221533,3.913596999247326,4.614387825385175,2.3209641528699256,3.2967655196265837,6.932250651060622,5.065726747960427,4.234443196580883,4.76702329473793,5.978423649328603,5.880988992326675,4.8499459992063985,7.185918221793337,6.940925273813332,5.8267440582607914,5.109223565820141,6.314642190239078,5.628534843602367,7.121600143611895,6.799122753476615,2.963492197164543,2.8280736585165873,3.5975009111918475,6.952277380133842,1
1.8473820064575088,5.789514778215986,5.7250861821859225,7.325296117372385,5.360677381327775,2.3135812188321987,3.0812900787037543,2.6360089562043507,3.924112067333719,4.634196865152147,2.669116947557886,7.941323981304579,2.349437256095118,7.692206847724961,7.37032606287868,6.796605099378071,3.6124667850064993,5.684901758353803,2.445257732898764,6.821814070067498,4.852030436927462,4.181359570826629,2.5525103066874615,0.044987762741966364,2.922918285928488,7.225596391225813,4.194333143050392,4.661342285769905,6.311108716576905,8.61133775623253,1
7.650009309891278,3.055329992367624,1.1148588571251872,9.719228518200207,9.537983223318907,5.376907192858566,2.459023508836357,6.926453067787879,4.78403262797478,4.774037753786779,6.788917686210258,5.668749493746597,2.6283701779701096,4.350516129836052,6.322305857322693,6.020504444810037,5.524033148716952,6.866845908951729,4.27656602436547,5.3573395504381445,-1.7511582003552002,4.100699612314372,6.527805817151289,4.219211065765715,4.067545216565776,2.917094096450363,7.006731785458291,6.096926547081141,6.650829195646169,1.5475720760842209,1
4.6790999134687326,4.439777984499988,4.438856586802895,3.7679449125640883,4.307791456439969,6.699289565413304,1.1742972933043414,8.554589536060908,5.967682250052923,4.915336208679575,6.813668292745852,2.09633050966313,3.670598189697972,4.757849135218892,7.731120740864355,4.907006837746884,5.900109342370293,3.8208420081277445,5.973684137934982,8.354479185948914,6.991053383348229,4.837088024444241,6.350981694530939,6.155033909214423,6.013175343394551,7.223906721720818,7.208955407674933,4.745682806250231,6.283758122955538,4.233810157680413,1
3.153855207368845,4.4610124885920275,4.847443696520835,1.676838021644016,6.720665118833441,-0.534650845204796,10.429633878972643,8.003758267592637,4.477982551655373,5.018852721127547,5.605943747174567,3.821679224022116,5.385238295173873,4.712000044596678,4.811454565538068,5.362922126961277,2.3729444032920113,5.079139448267297,5.326895493234955,5.257699242711829,4.568338489127691,7.2757155519387435,4.2926948902368975,5.454651813646381,7.594595067851092,4.841247719959376,5.428926534935103,4.8072307273702055,7.474739587127198,4.484550876827409,1
7.566709154576412,4.792824210705871,3.2810805531039664,6.358746341148242,4.390664332488688,6.241001798198326,-0.4588087698474679,5.010410523789893,4.080789402485039,2.873482626937444,3.8935179963204014,3.8525937114146966,4.904028410298838,2.2653470774300883,5.632547560519427,7.7324295704115755,5.561856993895653,6.617977218458018,7.189124909227591,7.472979024368353,8.74027738564261,4.00159600344814,3.563032029677767,6.56693129664947,6.4165324393148,6.5513505992313785,8.778564908500504,5.022739817596988,5.852313119292369,3.03922349703305,1
9.270642247951915,4.326910157581778,4.38356814367834,4.306500217983515,3.7102082827113243,3.5411259023047013,3.95259143422095,2.2684081438981107,3.4293641594735234,8.897926222895238,6.471310287282737,6.851808353455436,7.35441757483383,8.66826912872478,1.457154897112312,2.540233769426919,3.3925526782106292,4.060540407020804,4.398861218829502,4.106044894387918,5.4386178262641085,5.070590781490432,3.5543304096435007,0.6489024460248602,3.0142625892426036,3.9015226933748495,4.505841126384561,2.740665081378926,4.0183870670071595,2.7380252230288273,1
4.748361296903334,2.8538173432747693,3.302190687259071,2.382631738021722,4.6929986088604325,3.2671044600952035,6.813568533350859,5.811700533385798,4.860296263632714,3.405029005312423,5.761040610632605,6.381401778697274,5.285376824403261,8.20740371093386,5.919274636149632,6.827214435136068,5.267130831071956,6.351328906513953,3.4064375346616496,4.083203273574412,5.69872710696476,5.684198963114763,6.015223645886495,7.200785784557459,2.150057656369176,3.051094904779408,5.459145282148507,3.5512727363930785,11.755536482578723,6.031439238340272,1
4.843338302139686,3.969061453832282,4.039675433613911,5.060281322630355,5.223963865242515,4.086601710612974,4.453695506960196,7.688569150469193,7.769009925302068,5.504067959869754,2.3174805455265246,6.077006313278087,8.108564883222051,7.739562203924757,6.468851705619334,7.844845910571643,5.106768544958044,6.25620593966741,3.6384488673496396,5.584530912311425,7.659068487941049,3.821153177026218,3.2771131410714274,5.194977878047394,4.546675592552001,6.298295442140841,4.093480948105915,8.436879231205427,2.4206478040778885,7.507469572439469,1
3.470301543383794,1.4080345308319533,5.475750312697735,4.490784027972233,2.7807812641939385,1.637246216569472,4.983278425457087,6.951673783247635,6.169906986172888,5.113413297678531,5.95769514643547,4.945571735244286,2.1405515139392577,2.1582120295531135,4.593662942030642,4.678693427267851,6.70196535701353,6.514608447549494,6.210266031517898,4.439434573845639,2.238695659779721,5.824142274132048,6.050338626524336,0.22293707504462823,3.3313236268346746,3.617891245212208,5.236700402246872,3.393279134468612,4.92373086235072,4.578930119294016,1
4.6817010569245445,3.5672114125985077,3.7220298918666446,2.8394658804386146,5.760134881147664,6.142205257182736,3.458764099749322,8.041280192034089,4.370797105115902,8.060371247593121,3.7157456523367935,0.946844446801129,5.804395649824703,5.497090210237975,5.068787590615166,3.7155350431120215,4.930855549028362,3.9774810842609454,4.395300867336498,6.68326451153015,5.368434459060187,6.219902774663955,4.5362629867484205,4.3159653083904495,2.693034938222713,4.259926774863606,-1.6422291111782776,3.8195560673887305,4.836251645618322,6.127347308540312,1
4.462644244950086,5.695347084489999,0.640422677219509,4.886326295586101,1.6409944141731931,2.5833929686813346,4.6256689042722785,7.552527975747109,5.742413526940117,5.036461994274235,4.960939221065796,3.5727422135910656,3.912033173254633,5.854752090941594,2.2292789631110113,6.1861081005660425,4.222985865762294,6.651114149739131,6.922186914464167,1.65383197498852,3.836838473545564,3.2889446241187525,1.3745440698537141,2.934933447581179,9.88251169053068,6.219019792424881,8.834575937211508,6.658196880036671,3.516313677983049,4.236457606651914,1
6.176872360480615,5.875012406946072,3.8453159685833325,1.9800136588415862,11.575522374777478,4.717700655314388,4.3485222136347605,5.2266689278106035,4.514542821377943,5.245457815410967,7.573894572232838,4.750903040627152,2.674579121344477,4.676712411042778,4.071196437180179,7.847797874493702,7.342238129475142,5.215050000861598,2.442528290361487,2.5482154731201083,5.030246523169107,5.672645938642562,4.25075436134789,4.039660831585532,3.814401533642706,4.953212079512108,0.23447529585387006,2.7973467424605802,3.745898309105299,7.415006389903841,1
3.3723727161421415,5.360936283662413,5.453085501861992,7.595833011321524,7.5251548139283,4.8849940624101675,4.049030517621114,3.6723337943486194,4.517873555068438,4.1319332913528,6.107254818716464,5.840619634970409,6.183602382290031,7.518567422872337,8.725738242800354,5.249326786815113,7.198927542791306,4.2966796323315695,7.370013967166031,7.123018314351688,7.016831939885982,5.1881396823830475,3.6632836720182222,2.210943124269047,4.919925584957801,8.066025084498365,4.380310197271854,6.570253170920109,6.687902801037862,4.432627558145654,1
7.632689675039039,-0.8173214889610074,2.55449944252365,3.1687354072830805,3.3605699542652205,5.672525902371791,5.580075606107804,5.787981144350016,6.192162988264974,3.0997908617087013,2.563647866385362,5.792639364015725,3.739535852707122,1.8590499092640589,6.9426885690829625,7.790203813004595,8.114321779397319,5.374015442949441,6.251864191945805,7.739736446723821,3.717168419953132,7.221355368108184,5.550792468286417,6.8274233046851815,5.3721860417518705,7.592513419496004,5.447047525083073,2.032041881065165,7.9038532646294435,3.104938518055776,1
7.506116420487828,4.819514237119356,7.352021970395413,7.26953722973353,5.860285948630743,6.017070635254262,5.845257234385132,0.9723504874378444,5.236660437796404,2.76787164785621,5.342374287491326,2.714114907233569,2.63009611754785,8.209869003507803,7.13889477624838,4.991714830111691,5.369537300498048,4.504167948513983,6.139752751959046,3.6478912669023904,6.987480525735915,4.493826317971778,4.1603060083375425,5.043426036969685,3.8177063401487787,5.657364698992966,3.9252748213732005,5.937047205637672,7.432013077822953,3.5613566263836525,1
4.738849085409657,5.922661426070843,4.128285290037186,5.92864112165333,6.11079772130348,7.1665235525886075,3.788019907830176,3.114449519539051,4.384845220872513,3.0644953209058,6.128996408094994,2.6764973996471775,9.666032836505376,7.591855723147502,5.025151539200628,6.7347889859959515,1.726396271378417,10.046746662799116,3.819570775599021,4.759005172201281,1.2881334256231267,5.972574609481789,2.7873116858457823,5.203311523132059,3.9114511341509237,2.844512130139313,3.3912769964747658,5.451576068171042,2.437018054262351,3.502376657952846,1
6.326546762528956,10.204959749748626,5.95517763910601,3.165476715645425,4.265771659855378,5.063178012305157,4.301150098728585,6.806116333473866,5.434946966028449,6.815704769819741,4.371112419404741,7.651000439442513,4.667028831436908,3.0576202617240167,9.354640762084443,1.3500445060777664,3.522522549390145,3.7459442963392107,10.016612546113127,8.613717768293023,7.987856287284395,4.338682675247337,9.85235600768355,5.736704007681943,6.954526740606244,5.3593907622124135,4.901066857353497,4.496442652147241,4.580720013161676,6.216983297356157,1
5.734399597550776,4.937057259592632,8.019047985397709,-0.9335061374814613,6.01977449584239,6.435477413317958,7.293925736510339,4.870257117893278,5.415840134767915,6.971896766629443,7.9823328085603595,4.398928029642463,5.53395156625512,8.357147928697515,0.7519458482422978,3.6199748003708296,7.931671957205927,7.185075667216607,6.044890421853388,4.102806253781759,3.236363002029161,3.8175687615152523,8.096016441637385,3.7431146216893074,5.202845928479316,3.4925847102765077,6.6855480601980535,3.9225474393071176,4.804812219691171,1.6332357339143488,1
1.7732635275901205,5.015346386643013,2.349685689604476,9.210173278669004,0.876953775775501,3.399649402671792,5.033401734535101,4.269734124408431,2.791709086672162,3.0841443210094637,3.018691845001523,4.426556610359874,8.903858179034847,5.15587459311642,7.365800978775048,6.013952691656283,7.227724795964441,-0.5999286051871717,4.391083957703541,7.6142708463014275,3.8565283545013327,8.524946329739224,7.967780307535524,4.061738567745075,3.9936729619072864,2.9727883152910626,3.7408115362724046,2.5348218716621695,5.857622360866011,2.087907013307133,1
6.207466032380443,6.256157393800497,1.677591189632155,8.09963721265668,6.0272185888304435,6.499396042889738,3.482669596914455,6.244758236946238,7.252786899444131,4.802783201990645,9.003844918496721,5.088129269825876,7.2815716009049485,5.58601761451731,6.171043065713736,1.6573354647304557,5.742107476430727,3.530049797485468,3.3072033884446244,8.488206368931957,4.572459503875303,2.9933963380490067,4.28173674378225,2.3990995421561725,7.86776893639254,3.60863851166697,6.058599867887338,7.71221342842065,3.999694637570541,6.064044864545572,1
2.93982789019114,9.891539138227369,6.872760269233244,4.614787122478388,3.454332538222072,4.772006894320747,4.320032555296962,8.905889107999013,2.5489305555701955,5.269602846580407,4.96332386673258,4.765179399310261,4.7827666901233155,4.7678583797590335,6.746132132664199,6.21796889298487,5.837823222745573,-1.0679787242905379,5.599589748326328,1.688721279659835,6.292640326271651,7.94899473514103,3.1475217748228985,4.476438555314586,3.801288589894006,7.4708635515136015,5.190055770544146,8.456658761132667,5.8275084058947755,5.484900361271639,0
5.136413565205673,6.635984198514674,1.5246276035093134,5.1706879110410195,4.859907112544071,6.450837654315532,4.624596788251926,2.92253113167466,5.014701349839398,2.8343189422633133,1.1494755748250292,6.454244962970986,6.158123145389341,5.934181887987149,7.6058568438916225,3.6699362193921496,2.13777171445749,4.859940446383911,4.304999400588179,3.3154085664598627,4.840301693024408,3.7767897075908303,1.3279894332863376,4.117646618412479,2.7272496665922854,5.463296143221846,3.68793048351869,7.223262948282104,8.207732134535732,6.358762746023812,1
1.89794763603336,8.010391997758079,8.15144090074753,5.037581022615882,7.6458523206710645,3.896649723906644,1.267508130300821,3.4794311227568127,8.458601732089512,2.017840152777053,4.999042563862989,5.068287786680425,3.9740515120643765,4.11295680032577,5.144498268472406,3.8756753161305455,2.155883005664138,5.430063885886912,7.146733164889945,6.739145037306843,3.3805290652203768,2.4975441692446485,4.4316242356904425,8.135583019591328,6.291196157919091,6.407929353588467,6.77971390357099,5.841533125037173,5.2412170952271575,6.324613793295936,0
3.9076677915639606,2.1710739772673584,6.445993869248646,7.47547621149845,2.7635361212879372,6.6438429648318005,8.36153142677638,4.9955075964857585,3.3639956305165075,5.2460373470535115,3.8989320635985973,3.7665397800871965,5.866368134543086,1.7925410499402092,2.1121421550155457,5.038581760747886,4.955382922175137,5.687109154079872,8.750450776966776,5.209028072151642,6.196344300669589,3.0489341287707363,6.535875327033074,3.947218269778644,5.142841665162186,4.782302749861676,7.0659484698280615,2.380046891250001,0.433522730769921,4.573134605824151,1
5.937062513810249,5.304538751615,7.464408474827822,5.874745348359337,3.87230333628028,0.3491596917206392,4.525375531609564,7.055918004515596,4.215904434665771,5.056640527355529,5.842720508613417,2.9694152515003682,6.246471793277635,8.27424358000341,4.654373296213187,2.7418711563353964,4.866797945956052,0.5512317827822626,5.673806527953232,5.904548755297157,8.351272587691124,4.61201041486675,5.81697067629294,3.2774237952281977,4.287145758949842,1.949629126675604,4.610420757433529,4.38938169296287,5.598399532177792,3.7528062393347215,1
5.166690701950184,4.333239888784669,4.337001223400971,5.16072465192606,5.08104588463402,6.522348078103277,4.75871393174033,4.300229301753994,4.638385109825547,3.570671766318015,4.280177812866657,9.062317426146462,3.174642478608266,4.442687332241381,4.225022673460619,4.505656775511201,4.33752138224321,5.5584802024419995,1.5796497972164114,7.074342945064009,6.265165599284394,2.5142568278737305,0.4618454540951973,3.0458557077171977,4.514667077145755,10.16058379738155,6.086513929948547,1.3848207016370848,3.6206889901981123,4.893575127454033,1
5.507367108596194,2.370502279379154,4.730019544045877,3.5647217247789187,2.792482874795367,5.519191293397908,6.547754346885645,6.682082553923239,6.1487727022677525,4.005260933719474,6.429099522927012,5.618108876208575,5.267883765904027,3.7766137565964035,4.006247745316943,5.147773872249108,9.879748933971003,5.60248496018278,3.777622995499428,3.3352211100611147,4.016466774687594,9.35458689509813,4.201486708108076,6.81374106922057,4.248143509057288,5.5223690825592575,6.583490548017444,3.856194300380152,3.7177766916944606,8.31773938891066,1
6.969185789791593,6.581344637381457,6.574552586245828,5.919150976622131,9.03555162635013,5.087816603754313,6.154524734401839,2.098174142811975,3.3500786268175182,2.598362000329919,7.548127167032298,-0.1050803040414996,4.1953799544945545,-0.9874132053212454,3.33742420903622,4.018102100536267,7.769742187588088,5.793255878442914,3.3337169533420674,7.131927439463652,5.035664509059515,5.075133717414505,2.594656984456016,3.0199725721937214,3.3498054001089512,5.09292254630838,5.15577145396135,8.088185327048091,5.7701103358756685,-0.41513138734421595,1
5.525283975743381,2.0999672876649345,3.068058150776927,3.37566105654734,3.6733233529753964,2.249701215919394,5.406964006904575,2.1783954298180817,5.713335214499693,9.47394215412326,2.3412818821318724,4.430979391321555,-0.04691472502493976,4.398129414059734,6.285434305262967,6.441278462714534,5.154727460568194,6.778526849517951,10.092109071885584,8.4246093748752,3.954958141180726,2.097792027066523,4.187697166852393,3.1060344687653036,5.902695095729265,2.6376129211410038,4.854355134819316,6.676028109072621,4.798608254365646,3.107372354504407,1
7.349628115171384,1.2420381104923455,4.344409888245074,4.91667995323733,5.031817316799263,5.360992112156162,6.220879639618986,4.929185121909298,4.263883435712638,4.184821310680609,3.7769683959232907,6.5750866486537305,3.706943041046971,6.693542218016489,5.037998164519742,3.957490386287741,6.23681443148827,3.5450921505537636,6.276368081456425,5.42545224238357,3.8073506218161586,6.0572696306691185,6.093179451377278,7.315039211619915,6.932294024818592,5.982548041452565,2.7448180975824736,9.897173976348114,2.1927675778563795,6.8985263485646175,1
5.862567633772597,2.6517152550377707,4.7513981222430015,4.842494227510719,7.611165431621047,3.573378199439577,4.476109987151292,0.3278607899574739,8.469525586247155,2.8590635139598577,5.65382172847835,4.797184340556272,4.80399806643332,6.6197239697417505,8.34252492060727,5.502987339883983,6.310156035261052,5.657783073454082,7.035062847861253,4.074167241027346,7.1507811088328275,7.220999731294768,7.16507401736582,3.679704265327048,4.663324731525618,5.47893397756087,2.2583159103419885,8.189840416172029,4.9754469329956486,5.567855775209443,1
3.845991120545594,2.3462448812659544,3.791940229050458,5.438408375267177,6.346857625507387,5.32358308120544,5.693448032483901,4.325947250637247,5.992497132490856,7.965665732771814,6.409578884877973,6.619083776505881,5.588032798613262,1.9936898608007962,2.9106669387375135,5.909751601327686,4.978121896079828,5.879685772945656,8.352846835688148,6.452071998458667,7.517772411485643,5.18936277894146,3.38556864503112,4.884267681571318,3.3904963725617243,8.116589913544896,6.580782153070939,6.041024993256559,7.471886404456207,0.9598871709535493,1
6.176275902685319,2.3787084313912548,4.985488603068678,4.376584815065571,6.323473224193895,5.456374577921911,7.690234347223576,3.796205678134773,6.418228779266568,5.324446433797664,1.7294194598568948,3.162767082953935,4.700243932955663,7.224584899783455,5.927446115114229,2.6649983522385714,4.719367543905681,9.03561289758606,5.222446669681716,4.345348849855209,5.983479281512441,6.52678615916394,4.087663305039882,6.0051495487428745,4.342221006658382,6.438655203658877,5.339386315942567,5.963935654105784,3.4816329076649914,3.3574272318542815,1
6.890994609318789,4.841207237229012,5.570069484198723,4.387209145826961,6.797453548027288,3.7843800399406846,4.728797520198234,6.571985625406263,7.345935398328532,3.9524814179466334,8.919367963911766,5.626483387387233,2.9141434763825247,5.738104097179936,4.234001571033085,5.868136974366354,4.914287504679324,5.14854738038029,3.176813246827708,6.98012246143272,2.6877452656979357,2.7824702091900098,5.734720698294973,8.20568849435594,4.294813805871185,6.401944645407932,7.14668035372709,6.629368874588138,4.377583421652637,2.817906565611851,1
0.58490486865729,4.474319001075213,7.356174737124349,2.751668030476132,6.400419695037531,3.0996949398962554,5.212145152773677,6.415583228310036,3.6810091263231444,5.340969361393828,4.169817326549342,6.410297317876354,5.470634336969274,5.113015348858535,8.116699920283956,6.324612284736604,3.619296267747422,4.828272198404476,4.848202429840678,5.160639145250424,10.049018553214989,5.7417037854219934,0.9281948597904481,3.91440205656607,1.1352558250083828,4.34040348590832,1.025379540547143,3.2568190578631437,1.9585569407317602,5.768320355934955,1
5.0010787252577575,5.605924614997463,4.790897222862947,2.2114044995911644,6.02704273850947,8.844449120538906,5.818425157213094,4.148150801364868,2.14386564778911,3.1838660584800693,5.906079313144118,7.14623605359875,5.521732349443952,6.599774579411967,6.415356488054486,6.013068782771835,3.683052809477488,5.347847023950305,3.3032443922357233,5.034857905916204,5.661727062133824,8.35756761477371,2.3805360512647358,5.963015261982611,7.962473183247189,6.517695531677592,6.665890885650083,6.175389803735625,7.5966689795508335,2.825043663775264,1
2.228146668059507,4.987331719069488,0.6776757928565802,7.461291608356023,7.441430390990883,4.1332988898309475,4.258458806678981,4.855305049698657,5.104041300879239,5.254347838388571,6.116464213756606,4.654747293983044,6.886386606955588,5.891895554250606,3.7860731082547288,7.670225335608195,2.283486027755026,4.815668378357047,6.933834802150936,3.553853790175711,5.619111293534303,6.086679193998096,3.278952264037522,4.85504456081193,4.68699233958158,3.8965242963354143,9.60334970410155,3.4737872931090488,7.0098605881357665,4.2143979662377165,0
2.8267276222294364,5.205628486310138,6.298186768775001,6.841019150131357,8.124530221310138,10.8904925798702,5.501028407511194,3.6738156523492242,5.905748653589782,4.467574099187017,6.851932259704459,2.4056714072685565,9.736669084800875,6.712096189551025,1.6319919644076708,3.581942195370056,6.632162088227878,7.352688112342909,2.4555247455360734,6.426051700865898,1.1053202546761534,4.821328269057908,7.224093684206412,3.896968539794039,1.9861554017239729,5.292429592755118,3.7905622667290437,6.259116732131671,3.229347135563879,3.454726220693799,1
0.9579953582475129,5.339889422102965,4.678190123446803,2.623230658519858,5.387597427534184,7.054140601288278,4.568864113162101,5.536333899643948,5.546622499170328,2.591340345642079,9.113171641415192,4.058300339755432,6.312232403720541,6.538430554458099,4.720809745768497,6.21359005011927,5.4916384436327785,2.164720485545188,4.335454597499823,3.7748981952918763,4.076509917307746,2.3919936443267242,7.25286743349206,8.203985309226827,6.956005951996818,7.541058448294286,4.3107303259836875,3.727486330027927,3.442825906376577,6.288129845914446,1
5.4541261062882995,4.8455565768031486,7.590297088390686,5.8098827076306865,3.3226847249588305,3.6381823417286103,6.363986598508291,7.0834657053091945,6.103360464511939,8.793777495744163,8.270014331462837,5.882071669701526,3.3228386810369956,2.3800249765364647,4.22523650997057,6.506426892832314,8.653294158623876,5.834894068821599,7.337445588462473,4.509385027624395,6.2455382504551,6.646713658954345,1.0408114482949435,4.173122395246979,6.89940076855574,5.54893667127313,2.606969903698134,0.13975524854528754,4.268438509395987,4.856828614212242,1
3.232154100343309,5.286169874055989,6.012773494465789,6.3413743414524655,0.2881621501353555,2.3714298043837596,4.390754703290529,6.144346262074927,5.978468027100071,5.943739895753351,4.233164116062136,4.3447331253800785,3.5433414631565183,6.536388256211696,3.1590224245208436,6.7000727903791395,5.415706476275292,4.909911043089693,3.686579200447067,2.2889162776717473,3.7046944872439087,4.3399862627502275,0.26195137683749703,4.605289689330672,6.8487147360520115,6.134435810867745,4.007588248516985,5.0938725968304555,3.8876708611560007,5.297521466671392,1
8.080215647488064,6.936997605249752,6.041588611385506,4.014230175232563,6.499876785889677,1.626246097253894,4.495293036018219,6.1674228396479,6.480842428095503,6.339768980431482,5.589661378419389,4.608550041832234,6.0759519396529775,3.094277918827399,3.3106454734135005,5.123469352920593,5.346395285417495,1.3487696428707072,5.910292761899037,6.545456755838787,4.845429525067409,9.748932566567984,3.634129787369628,4.2778256732262605,4.209866187745582,4.847624777417965,4.342550374067418,2.1863789107902565,3.9069034075270492,4.804758608451848,1
7.457144164123995,9.404486546745826,7.670947795701309,3.449241940654787,3.608380778747669,4.681342844981298,8.569117777707172,4.6691518956362135,2.3449850189251387,3.9976457260939298,6.514112003638834,6.379880553792174,4.5995666670166875,6.366829347120062,0.4536555949063361,5.207658470065395,6.72137084273726,3.3342734496909294,3.3273229270074243,1.2671036944730494,8.179791189621389,3.559692045956867,5.482086555724224,6.207834082966749,8.024135898282907,4.692204452028729,3.9211404124431626,5.346135297141107,7.568160553084574,4.659654937198432,1
3.0902618368318473,1.9184843833692753,2.5574052307895494,6.728782994813329,4.358751047386377,3.784958180158579,3.568065553632115,5.170091720400364,4.521089812468833,4.453735712561495,7.698647855621479,8.076032563723267,1.779956654182007,5.655185462285916,3.4462758027572153,4.503497772277813,5.618556770253389,4.574560166138161,5.4609197612552665,6.345940412063835,5.58915360108064,3.706327391664753,3.7416007860593523,2.120589406763929,3.2921594049585634,8.924136723797057,3.415992851809511,2.6132423751123603,5.639855723689546,4.7792704814162805,1
4.6088135263015495,7.81809193282418,6.09825335111673,3.9400141365930494,4.15104816481644,3.99482697218863,6.749479243160514,4.383704741093725,1.413692995091699,4.903360642531311,1.9259479977441418,9.368461203509803,3.068664172305538,4.676270469284539,5.516405469402274,4.42268367864154,4.419939197067615,5.843654572321754,8.052431917592557,6.535018163634595,7.9570277571470855,2.906761783812996,5.634725266510722,5.310492104116559,5.702182583353469,7.752463941271145,4.558421700415892,4.188993266891824,6.067961594837328,1.4435945448683052,1
4.526295901755644,4.731604621429094,3.1592827673861494,7.114118022713154,2.8755193653134317,4.728253903272408,5.586314450645936,7.706903122952237,4.978887130238293,6.872307188256421,6.401190794554255,5.246915112338285,2.820973183453089,2.1308382781913022,5.213010802838373,3.9146062521947727,6.838522183362583,6.491713036197155,4.6307780111259005,2.6845741521174613,6.021471099214547,2.9641011077296993,3.48307215413827,3.041168523569691,4.722997956120093,7.340384668141123,4.989918259552943,4.113562615144609,1.9487701399095116,6.104249169459686,1
3.439190788142745,5.235035238316193,4.2915627681667186,6.676354439198875,4.685527215942896,4.882147290953897,5.9714942949109195,9.213880364526371,6.7768938607171085,4.822787787302781,5.006395981230577,3.9502810793511305,3.1000085929606094,3.894498425867356,3.455702072576115,6.3067367675917705,2.857610284262028,7.666421122760088,6.504092767237659,5.041003458735337,5.000637222930137,3.885437380770893,5.540168822695528,7.176184926417179,3.5936870754883725,1.933215822162539,6.406436509713488,5.648731948487601,2.759602397117641,3.533217258171764,1
3.2817914518997187,3.550935461931502,4.352634491917625,4.466905391438505,3.69841268986308,3.483672361000144,4.542431312161237,5.335383069719122,4.367406927270311,7.317334046682603,6.0161754288415725,1.8183082862826083,6.0474555308277065,6.211087965171165,4.130530063751618,2.009604825393689,5.016133518822272,4.984582697035512,2.7567075269336105,2.097561567480129,4.824892907093121,4.533845615898356,4.165469269355213,4.833178530506877,2.7944472523593618,4.130358774267772,6.066650061228695,4.300059839297423,1.6560550564148961,4.054615444552857,1
2.859683072986279,5.534272592923461,5.637674806760851,1.6824507498279382,6.518025941164378,2.775627397442883,8.118364580964702,4.902447470998767,2.5072130029216755,2.716027858614637,5.6961905835746895,4.217400220203245,4.806692180763719,8.225560465394079,3.6015118715418497,5.119925715391413,7.839688974746107,5.5410269509328005,1.7867945292839882,6.010778023464273,2.6739942844331117,7.81361505746593,3.354264790004044,10.93901901549133,7.934751976655356,3.4067748607440427,5.040027610003221,6.507288563266927,6.567320948453416,5.884672519952394,1
7.50431807393222,4.754062106731261,4.266564662847934,4.306272024150779,6.716746463944254,5.730362080605293,5.582567331380512,6.590468498514364,0.89789518429229,5.620137647750301,5.437137777747432,8.33761616260141,1.942824035472666,8.114373264753516,5.150818257849331,5.97797906132009,8.351837575218752,6.121522536011146,5.800736578925122,5.4845823716046365,4.033043730011246,4.943021750979214,3.5689744677545026,4.910866201149036,0.3281386058898068,5.858079135135097,4.756525492432749,4.327592526666471,5.439516167880287,2.1328721540691187,1
8.858539993242566,4.7944650770248005,4.708311134055621,3.0692075797341554,5.047892764898522,7.773919780546561,7.0718324188640675,6.708875502281112,6.092797903334543,4.282914944874781,2.099673665926596,4.59792245626673,4.5282570709326455,7.0975888793424815,5.618780884919641,8.224623055807097,7.394977080076349,4.087008780991809,1.4097416067602633,7.771150467882962,7.718770446461488,2.267576818195548,8.018480039655001,5.764234341185036,5.321370996251306,8.229566508494655,7.68937034646123,6.3026619039904075,5.946434131623966,6.232788581060718,1
4.199885132234948,4.889797100535358,3.195365690810915,4.3339204485221625,4.266732242662134,3.7293892607566708,5.273493005296926,4.3520382985988455,6.004469440703948,1.7553587734124694,4.773290411785401,5.263103280354992,4.378741520326239,4.655214600381537,1.8295079785402852,5.712954209338984,6.295211965134141,5.987074588407534,7.077454118884366,5.403059211565004,5.9573623613018745,5.312181476913705,6.375101439184988,1.8455407277357558,3.212838064043978,8.173799314066182,0.07912835580758948,4.719644140349312,7.344549919216137,4.813478668916471,1
4.189977857098605,5.258843353630601,4.293759639995107,5.061698985513878,3.633237926959741,7.217348839911448,7.846529842131321,4.733219355776755,2.2270211586175135,3.9523136593732096,4.632022679794072,6.011077753806417,2.983973553658644,3.461675362715699,6.021352275717614,6.8778176640791155,3.756811909658632,2.333565892098008,11.568236402575767,6.566608474177427,4.465992476465937,6.738062551061679,4.751086740571155,6.734313778200373,5.318786395552444,5.182543796335146,4.772836263538423,2.1052373330738203,8.87618979878628,3.116932159464513,1
2.279952847378811,4.574280234487265,3.0770563729789866,4.8965744188794575,6.3755276971235375,6.990605801058446,6.629461443243363,4.38873589042864,5.099183655323172,5.815758101794982,1.484425152115855,6.141169400239719,2.085401424832337,9.080693197812979,4.190969830716609,4.630249645610817,3.460585801524289,3.7400599362886204,9.54818713828648,6.880739377246595,1.9015951097043233,8.008425801370459,7.386484550282863,4.437575075423423,5.6133938840596755,4.970111841157851,8.945159808893864,3.4074196220158193,5.2920212195514535,4.143709338014391,1
2.1339191907642916,9.383276510109974,2.6368668417951753,5.440258374975552,1.5185987872393292,4.201858921513813,5.843937642866915,3.3505320409952746,6.17360370147131,4.461917816223835,7.320165024797227,7.723521826680447,3.8265104785399764,5.153465718785914,5.3669084529444655,6.238698590869397,5.028763992488532,5.380421918685684,4.513187050409761,5.230479733944037,7.595880387070265,6.292166482423709,6.402511278886738,6.4461406482711565,4.692382444237929,5.637654087159061,2.8296526433285107,7.537615312633914,-0.5659208646864409,4.82570321532915,0
7.281791954300548,2.272264132741317,5.799559835233702,3.6384671068419463,4.262393469622262,6.891881921278875,5.3961138517703,0.9312882642312745,3.047148920536803,6.950671469777519,5.897885436385995,8.496271145048569,8.365295188026595,4.315509739706417,10.006475610138978,5.0489593397038215,3.0746629311819493,3.7327202681788454,0.48654978942116234,8.214038016498563,8.189523978087728,2.968985122373358,4.544231423236188,5.191215088225155,3.0792938957157725,1.4897959374576768,4.579284792446177,4.357841141081506,4.22317751802245,5.445432125201929,1
7.859039317051984,4.393814560616548,5.340885997442726,6.453741047489872,6.108285853025498,3.771152951104316,5.192754246228072,6.095079640338106,2.7432973249784447,7.527078021593017,7.863177810428223,3.5544394891110125,5.3873400366963375,6.284556513342063,3.9087716873424947,5.963227691376189,5.326511252584331,2.0641636447223983,5.918322631957116,2.7997151674579284,6.878405703324095,3.657577849732222,4.67742913267771,7.74455782689315,5.99276329305769,2.8410521608509094,2.9701668584018326,3.801394422752549,5.789288166713332,5.716599629865536,1
3.3137953906742617,2.665581028771282,5.563166810171668,4.636279868419676,9.314431774895475,5.073207313126158,8.628505655400549,2.65923280379132,1.8535741208765857,2.759829734948931,7.3782595629069325,8.512203179387068,3.4356410920947322,4.078867940480885,2.6620381795750006,1.3767203057632256,6.43682339555326,5.446040605924326,5.020975965347751,2.19988692567324,8.279913363657322,3.9932865239010535,6.067252849632951,2.090877189510551,4.618949620759925,5.582748912477168,5.654150436106615,5.30929708647325,5.9890449840975455,2.7389590879340777,1
5.39474521087932,5.227515366960555,5.463345368390121,5.144690434638363,2.453574452173205,2.3644004957820526,0.5714636282308971,6.6350690196905955,6.655315019470398,6.68710058244424,5.613579924922903,0.7337615645637783,2.946579016429468,5.340830835186224,5.271036005583591,4.554503573695958,5.737834405816494,5.023303415370491,5.2415409311027235,3.7218693343359677,6.964021972243181,4.138456782639232,2.3387018339587473,3.458001974362543,4.30306761727604,6.988005576737693,4.915464003130414,4.627703562068702,2.5026731504747453,6.570965179659153,1
3.6960956919532286,4.799944282117329,7.960366153763729,6.017526662098609,1.7434919045696513,1.4609795272950556,4.871379099761508,2.57451877025039,6.297093495265996,5.084526129929959,5.330769538047726,3.586513636715294,8.482767310573411,10.68518745602092,4.442830552486571,5.706078496830002,5.194834686128625,4.4806262731178625,3.3358590645344064,2.8300640250390456,2.7288054689489516,5.810480051098291,3.9606510435927293,-0.15658570028106045,5.8897164411966445,4.923477435071688,7.693346002802292,5.746244794182019,2.0426528073794055,0.5406467185400379,1
3.5610552313241253,3.7497851586126947,6.886318402000334,4.982258135420853,7.267376996197018,2.3503338885947307,6.930528768760896,6.441978306861839,0.9635317771376073,7.645235682521545,5.186916983532705,5.784089007737012,3.2702077751431546,7.550494025843944,2.6282953415222603,6.664184036747892,6.641214951817343,3.0516651436555557,8.966747198845148,5.463056960435038,6.307785220542049,1.9457584093284885,9.23546000601713,2.5508861195498205,7.04977286553186,3.010456564136609,3.7620223943046347,6.5775080877708945,7.055105427350314,2.457431501771796,1
7.180944338113988,7.089960990266388,3.124093182310215,8.19729518718222,2.086284743503924,3.7504548344447692,5.958005248183977,3.292867430594787,5.5276381713586815,5.48215215760659,4.625851460154559,6.664801077181119,4.543278414684722,5.4630821376276115,7.292943754975806,6.5813724200516805,6.572034581628417,2.7016407955664397,6.049585151002644,3.2430024180609904,2.4371700404439474,4.856587307430063,3.1914096266968204,6.581235437679954,6.6290709193906485,1.1947475271371162,3.3433949208462197,2.0804266561640024,4.074741446814219,5.910351339737649,1
4.515423803643223,3.820481518665729,7.600353053626279,0.39028565480742294,7.473743787036449,3.911423413689029,4.843781979774421,3.945273324559783,8.085776211078237,2.538043006389481,5.023472739443871,6.054877303719993,1.777994464229665,3.160203659107693,4.703642933003541,3.2266699306312505,3.3688164575617003,4.300274673847126,6.299162663292346,4.314564446243711,7.156852388945893,3.0044844346812907,2.496155479053095,8.852690811442269,3.6840837446689774,2.3781759858556804,1.5158921164563393,7.1502069076178785,4.317390970679882,4.492580529867203,1
4.6815965768267205,7.025885769339562,4.640940332048159,9.688107557665251,5.267521148108458,7.123569533916642,6.610479715808814,4.9271053594839245,3.8260580279590735,5.663927857133107,6.020197462414546,3.8548279037469455,5.3326777319013114,7.472409956519192,9.139895478139358,6.708738640698843,8.725519372760564,3.7412515775870885,6.4037645041185876,7.677039017162544,3.207333334056008,4.028819775909982,8.4758095236705,3.04980228842612,2.3177399346885785,8.055963147279023,7.393526449960877,5.864240487967539,4.908578490708345,4.122950988790036,1
5.563897747618102,8.1596139148031,5.477132252284152,9.333918534493932,3.204116028719539,4.960638491343461,4.253882664672169,2.8297169136753344,4.6938325339806894,5.83465860332088,6.04846035990406,9.340904357889112,5.928934939447119,7.300273607359232,5.132188492597952,8.35611120090519,9.79689857117614,6.062170261951899,3.0146819690968374,3.9023899544456633,5.563868606410324,5.912996070501292,6.396850268768744,5.9203953624600825,5.0139698325118776,3.7276031175957427,5.802276522528459,8.709974714961312,7.0398572108555095,6.069407899272396,1
7.059133847645502,4.257871942198295,3.9834697078333594,3.504429791268036,4.749426754461124,4.155988206581839,7.416549481304278,4.0493531646356224,3.3945565675501674,8.885154357661264,4.097249537837313,5.307056914500702,5.902645649486823,2.7266137621583697,7.470967539006138,6.274238080822455,8.116768023761564,3.6415561255637994,5.19825158495232,5.07871150998839,5.527776988700044,2.090770502845678,5.221672757384445,2.1470721771525096,5.716668142393843,0.7427017509629605,1.2968263314188269,6.6370974328799965,3.9063230896104346,3.0242838527355183,1
7.541691242151096,5.65525243465683,6.744180391067568,4.667515855358339,10.359257387800007,3.79097227888041,8.488991098719776,4.8772679198001745,1.690979210174508,5.9656974914962175,5.629525122910327,2.8973563715215405,3.1555614457305703,4.950604713830016,5.699495630495963,0.05867343424119831,7.106242905047606,4.011004052370045,2.3365050312036475,6.882133102903861,4.952764041163087,7.4323315535645085,5.875904525959511,4.996970994103908,4.6945401100396875,5.965425521112276,4.172937482381339,3.294854822507001,6.219818245309288,4.711024317111141,1
5.067135296138012,7.178759672309216,4.772246784528518,5.030067851083581,3.800700977098136,5.861479867963702,5.699655825360176,6.801550263581116,3.8417423259862478,4.084366060819629,6.584274798290939,5.504426006725727,3.187563747614611,7.613108135469002,1.6030988631994982,6.568569506527504,2.4695759280036067,8.771577032971054,1.9108005461887534,7.304501303745496,4.836731279977512,4.266794860322512,5.370793312935523,6.263800678315626,3.1911989953382607,3.3684245496628558,6.299209730225772,1.5853140927008003,3.8315418136158295,11.08137390831888,1
3.0639740708214385,7.295605583519505,3.8280984625723757,6.018090289594288,6.308711381192435,7.257913470365895,4.599492346374449,8.977769277509706,3.8213268708296395,5.46844082719912,5.490553864435215,2.7560637601011693,4.428255490041758,5.323026998476815,4.135757913741161,9.88184793091307,3.3227526528009386,7.358848936280856,6.712919626297573,4.972275730991457,3.2695818922955064,3.46348935921646,3.9640654015669803,1.428517436107474,2.993069148401419,2.035046969272715,7.691750006355433,6.236924784776437,6.57194819773092,6.177663903083896,1
5.333935246668326,7.921360664258274,3.7784746885365257,5.2133393107340895,6.494117655648246,2.357581536287742,11.193177792285098,5.057131525555172,5.283978901151185,7.5137560633498435,6.829910666020448,5.076156038792918,5.260258876196084,1.991702938104042,3.8870684443000476,6.034420432317921,5.887785678085773,7.442331500008174,4.75899788355335,2.2254269731382674,7.113460861551356,7.872178692364032,6.796489145712458,4.6727326582850175,7.088772103753158,11.857820956016427,5.230304628880951,2.376526615509751,3.8274299008956962,6.250952000608102,1
1.7903913782038745,5.338806149824139,5.760673300631765,8.070243479625304,7.620389712108601,6.729169583503542,0.674641978970941,6.8421062560958505,6.4110267721204925,5.511888754156693,1.539555747709029,3.4464521816258795,2.6663544609318675,0.9699831209858187,4.994169697170411,3.4043557571144407,10.250611160537822,4.662456121124181,7.587506311731921,1.8618019506135508,3.9398208279902605,5.193795752068629,3.183692102784659,4.155598630390512,4.564098187512923,4.532184029110211,8.710237146070693,5.75645257086302,5.9590211258826065,6.079309548690141,1
6.225252754674225,4.834226032250269,4.358507257042308,5.3336321190365545,7.313607897826945,7.252476376872767,4.519203048623178,6.535687389336223,4.610830673920664,5.0677410988704885,4.0529532368916055,4.636709722187533,7.68266013909936,5.1848422946784725,5.270565017104635,2.1055644414840833,4.38151218473454,4.517370192510542,3.3417130291131896,5.0433308234071275,4.141635419544691,5.159991710487164,5.2430060196378685,3.088491284354711,4.202596435033621,5.154748565521667,7.368598862313451,5.5134383455914815,3.6761296401651444,5.798009518487705,1
8.41509777864352,6.833412945178037,6.0950530608712405,6.451180350964643,7.879908082857261,7.1512535880353205,6.133520762235316,7.13728443918017,2.8366978074718783,1.9954694953194378,5.314197301287661,5.137361419301077,3.9121798929734846,6.651705339655419,1.274272827097528,3.9304554878843927,4.03008891024477,1.727396429801081,7.989462014538608,2.281597462673354,3.8233198853846284,6.815959515610268,6.292090686857463,2.783650607030507,6.364978418521273,5.579568957316444,9.666071124222935,5.807880832136609,4.717516357862936,3.286996085761155,1
3.5115132660888575,3.348461809063684,7.742197627823844,5.035939830032941,6.13049424794946,8.028495199961775,0.28307171558506994,7.55774752940075,5.110793823566668,5.870096743280889,3.343193556503498,3.489751203102963,5.977691779625975,9.76919560066294,7.006626625629803,7.531045842837081,4.6159974594771604,3.799591550828744,3.438390096842013,4.023452550606624,0.8944351336589493,3.5501613142167963,3.8792936878803137,4.649283651210318,5.263500219494583,5.724901737251221,4.97014925511408,3.837113827314486,1.0732827134689589,3.8493827831964134,1
3.0550987246259895,5.932133496557207,6.818574793387388,6.877142134119879,6.51390547225564,4.732948529095023,3.9560888690482066,3.5057944926658675,1.985002166796499,6.983707401015716,4.650577924140051,2.5073194127582523,3.3470172485795304,3.2660530871348956,5.086048970030253,7.134935702141371,4.304020900808833,0.4949329704327017,4.62163932968216,4.687612199805608,4.550159538128956,3.7450776670485966,5.434878161451684,5.132282230298004,4.950339371746706,5.825282722885931,4.140334353704293,4.026828660598693,7.7602465791708,6.118710819430872,1
6.653892121885599,7.452209170668137,6.0518883612496,6.856777358272343,1.8413096758594794,5.408307743992054,4.634563076371345,8.35536818179962,6.8552910636066,3.7391096184136403,5.745588317058412,5.3353626668984795,5.908662866304457,2.9623150612506963,5.72003293047645,4.543697301423531,5.564899528111201,3.5512296697556605,3.829873657206801,7.347684040733405,2.896904883319678,3.044491197915903,4.896837485568844,3.4562192496280906,3.2299427354744026,5.21015194241659,1.9898682861925905,2.984075530172724,9.108191165847288,5.918950117938018,1
3.506873295460178,5.836430156532394,6.134660953973259,6.988828840180477,4.745687941086539,6.952995405545779,0.9231069502356544,2.8873837390484938,5.327742803472911,5.659267065615583,3.1764354246627162,5.518839982526318,3.752319502625479,4.446081811545668,7.049547601330022,6.817874993777199,3.005879345273475,2.885497075959793,4.177653208893368,4.94650739765415,3.684203022850518,7.081284885599336,5.69477968341711,5.812170219748858,2.4669223421100566,7.33458143476756,-0.6403376444813818,6.668110903698738,6.8686234753415425,4.135197625444077,1
7.545820434494848,4.8738048940913075,5.124863406654886,5.679057574808432,11.37314982362211,7.688867816166009,6.402262401425836,3.1743910267976103,5.287179650958985,3.373751812307227,6.644221694565626,5.280933951469714,2.7509566407722095,5.162249166837006,3.301165060567389,5.302432442675094,3.281845367269487,5.054975266721626,6.500939723870189,4.893896016149788,4.218223465655223,5.406552442114926,6.394365241585706,2.785633460236479,5.521312309410405,7.6350816380348,6.14731392655343,5.115508293334456,6.279475013397789,5.904992912205365,1
6.5072022183196285,0.9521367780341112,1.8930877326734694,7.009658298966475,1.9894416476771188,5.8030772714384105,4.295900687935417,3.0076215088080063,5.699299514294947,5.402067007433141,9.220685304192756,3.7503775909282213,7.880220240138348,5.7048458287686294,3.677956236914575,6.59849291503449,6.131477008907902,5.071686589716099,5.532590712881247,3.8060259379089367,3.3484257494909864,6.518884347645166,4.552121151373452,4.8398340035018155,5.559643191888554,5.530576689567616,2.1413470580518705,7.572504172909717,5.242364303801357,4.594693474355701,1
5.861692010339493,5.473084387229726,6.534125378979404,6.0759673443018825,6.435692457992533,7.701987811455032,6.767249097941944,4.679027559342875,2.7541976878463346,8.33559586600903,4.524553253305775,4.053785173278955,1.5265463644711215,5.676946210624223,5.29777320790754,1.9697701275010386,5.906548084266351,4.003616158597122,10.380630014577388,3.8612776158182633,4.129613335604414,3.2504475514912645,7.5557530420839445,4.254448411070494,3.5501716924690063,6.413910019841085,2.2392941291736297,6.2502210924978945,8.562799433201715,6.133215665670178,1
6.2757966325198495,6.740120433814967,8.419416057351038,7.419787920038209,5.879339444546048,6.807782801272003,3.228130149069779,6.552587181494644,2.9888880576325048,4.265955162736747,-1.165124350286475,5.802859318734924,3.7122559777832946,7.2222904304089255,5.780385221210805,7.248191789403251,2.8328069106549245,7.0767720743192655,9.211712688726653,6.528316599863789,6.580698017384577,5.33919535278987,3.9506624388692715,6.522384745403017,1.9878341791958634,4.164489750158367,1.4578863953256356,3.5926872453698344,6.284090183787122,6.010786752440927,1
5.1018273910709455,5.340801988124022,1.2282707642715813,4.25487543885817,3.6372967871295803,3.6818806189709186,6.199157255627506,3.278985346989379,3.7906382997451784,0.8258615085809673,4.411753639247661,2.8243249045727605,5.158405857379287,3.0977839065150707,5.209084491098432,4.710628478515313,8.344083546084642,5.9944359609063875,1.320724254875394,2.470222311794583,5.110416017984666,3.1403041032146986,-0.9367368604717043,7.699092627667486,6.440448033810815,6.041953746983543,3.78535390905817,5.855353542019859,3.591279351558237,5.4097146004353815,1
3.158833548327045,8.032576901112028,1.8595266918363107,7.464567659021663,5.077831656034661,4.021066009316018,5.334005843391477,6.466696014356362,7.733493473388794,5.626286046267064,3.218607829475445,5.111260247531577,8.633586473324746,7.695356171025248,6.8175269562487175,6.591374040244773,6.398900181213084,7.31750966901974,4.08674242855619,2.2898278684499878,5.138007001474123,3.364836826444618,2.889958489245631,3.5594428468241364,9.970627849067373,5.272249268151688,5.723815672721976,2.555274385991492,1.3124940824147404,3.3618947137623882,0
7.876391170417497,5.6685509321530425,6.197190182888784,6.477132078404123,3.8173012404034443,7.775931167946736,3.7343848015556356,7.812464718525106,5.884604312270682,1.4219096915073557,3.5039810267989298,1.4301229342557908,7.326564265588417,4.950529158395198,0.5433151201004396,5.751493763439317,3.9256714752233597,2.0323882899333534,8.355931673937395,5.214571732193157,4.413137195373375,4.201150438027966,1.9734410616844555,2.390902200831781,7.569833569750166,4.052234260428562,5.044135401873727,0.9113390475978509,2.3638159284089886,6.219625039749506,1
5.755423520227668,8.50675039744863,7.685912663262453,4.538578055030354,5.945907129426542,4.366793114193852,9.109619637277298,7.2980293921048,5.339370181715503,5.400789569752702,7.889700574519615,6.159155694227694,8.117256034140173,0.612704147482253,5.922456522997597,3.96913027063723,8.512755975255985,8.092797374379659,5.065671618202614,8.071261957622063,8.566229039985013,5.148813343852295,9.943867544863714,4.937317694660555,4.570958099328182,6.731745177168687,4.292418537715372,5.170679551589788,7.81886884810182,5.038437704434541,1
1.6099644140493847,5.734638775698393,3.6074128418952105,6.730542314589092,6.392379431652492,7.942800696333045,6.8150646015853935,7.18048856731613,3.6618064797245733,6.607972991781005,8.93690257872058,3.6227001827264655,8.599476583454196,3.901299817597339,3.2960575099000513,5.592400886709676,6.431820832257619,6.82350024794453,3.0764751584535963,5.86908019450858,3.6288908570329896,2.022155487858847,3.142527368934431,3.4981992680883636,6.043190320705015,7.304427326137337,2.0535867402494667,5.703922148416112,2.646603628458187,6.258170818028001,0
3.754538837992504,2.8973419639534423,6.5993290306951495,3.82615478910981,4.368072097294603,0.5600218248872473,6.8931027228469475,6.641817042338214,5.010915688562628,1.9448381172884819,7.418738356669526,3.6674732272784176,4.0932930997988235,9.624088112719061,3.5927271117815405,6.484419924853,6.124184524165235,5.78034438576017,5.564001085109021,5.752777123778399,5.543881181881081,4.896163282447878,8.022566248221484,2.3746788784014434,7.0429162080307535,6.644684597375103,6.396798242658802,7.233958855280257,4.814801209463214,1.2620518483462466,1
4.8554146805710285,3.017611564750891,3.5362815802838723,2.5151606523351764,4.0453102831123315,3.806752612033102,0.24486034014579516,6.400443822564578,9.440643716009763,6.212474386992577,4.594152086931545,4.890507208647569,4.158028263973648,5.180083167733916,4.925983811853532,3.317903139203411,8.365776777895663,2.025691528580458,6.436663086388492,4.797604745364937,8.80166363013149,5.681729198496443,4.280188925633503,4.504585603131005,5.079813389039522,2.7144186100071983,3.4662609497641768,1.4301120616162848,3.154046203251812,5.1878129633209,1
5.6003500985690415,1.0413406100071962,4.725576593911599,6.126819901644264,4.674175613247529,3.7324227084443993,4.175677709903573,3.918473290045556,3.7265388817838856,5.347647050489697,9.615376455470901,3.5126001661896336,4.3637147346771465,4.896604121249537,3.625291131283413,7.196471607046853,0.25822925338712377,3.937881659242649,6.636627472639924,4.411811383222733,3.3583220822994173,5.8815135088775286,6.812686470794304,5.421270890430117,3.3975592803742334,5.912406638303486,4.19590139945042,6.490373763787655,7.966517769713182,-0.2111535113770655,1
5.222134946391265,1.5285321261047455,9.883577170659542,4.063750932407619,6.492746483650745,4.929366280810209,3.3938308385618807,3.1558939056451463,8.171358346201519,6.911876120356622,8.887168174755127,5.110906670315399,5.575839242492001,4.465616868689423,4.425835593769982,2.9162261350452634,5.168020381848702,3.421506810227606,5.883817844328405,5.340020437960419,5.575364087351445,8.350259879380452,4.924564100468817,6.513454005706857,9.103018928171164,7.613234138590095,7.3063393969096895,4.386623568959,5.459286111135594,2.3634474159401164,1
5.997828801928829,5.548920355227684,5.046770250312362,7.05438957648572,2.584450355151207,8.269725702320695,6.803529375880568,4.858732040696052,4.7025408243652125,5.961222430497188,8.041702464127559,5.203215437380021,5.288061803958453,5.036236955251742,8.564048225402946,4.262233794125953,4.940984802761857,7.926871308521989,5.294021667225727,7.274117720091045,3.177439886194083,4.589414956742972,7.968868076880457,3.6473205684729093,4.697401920460585,5.513370461782957,3.0216909640140264,4.172379762756206,5.225273363651281,5.093363468323923,1
7.5607040416742715,8.082914389664507,3.2878302559981774,5.222537038334979,6.348496616849531,8.032694931598394,6.436980594634258,5.581826803184663,6.333085063965261,6.347537668672519,3.144571415431263,5.385597585012538,7.918321988377382,4.5852864626119905,5.258893285094889,4.514967100947956,0.37228100878625003,5.0411803544693585,5.603583861305745,3.975013218238196,2.6907261022305438,3.238787080436701,6.528375232271128,8.94504954609381,7.764866681810865,2.3113079903388964,6.7092546211014055,3.6736752483814197,3.8354658749824457,4.076048804057432,1
6.412133899710861,6.918506752898076,4.803937857440424,4.837858517983951,5.9285274864715864,6.135989079048484,7.352451413517058,2.4312560489816026,5.04005467960806,2.863951248217645,4.898115441873194,4.547649424638478,4.9065010921945955,3.4005142237789365,2.0254204135851426,0.8111249465701942,4.737639691470319,4.137997788334122,3.648124670392346,7.645096925663322,3.281123626409378,7.833668164277606,8.247687488538514,1.098199066421238,5.184762917997939,4.200607018328018,-0.8236078894345313,2.1107174938631714,6.549872214216949,9.038398505422528,1
6.805356285398497,5.647264945025955,4.957335236737825,8.365325829296228,9.29647840391528,3.8263146409516278,1.0000268793794178,0.8036250734575967,7.643761984319604,4.905882918451227,5.366483820917437,1.4186980140865737,3.4936221744230673,4.409038372198435,5.415676766728141,4.202815922172482,2.9253476033973147,3.430866014794954,7.416646571894466,5.4895692392069995,6.224313613911104,3.2022523782453405,-0.9076469708012489,3.953791386231007,3.266858891149007,5.698024537256159,11.571447427363683,6.390332035236511,10.471920318766976,6.1375393906788975,1
3.7402275248545696,5.695832156241766,8.561277198955416,8.659125192642477,3.8493252639138418,5.506367391398598,2.1414662406577096,6.649337249382859,8.10670939811179,5.0795989082320325,3.6652318912797437,5.720261902555126,5.834918062726332,5.1622876636992405,5.357430248671906,4.652370299061258,6.991909856452812,6.472454890330254,3.0337937057117017,2.9788187936828106,4.491251165946876,6.473674248210358,5.296114827781629,3.7136991797546894,5.52303719345166,4.338378960955456,6.760972920448262,5.666116870134095,4.3694436250957125,5.4630375440929235,1
7.630096119048403,3.860739846907245,5.805313963294322,4.859079319068009,5.8539673677241995,3.690870116808539,5.220670866318752,7.215646564833602,3.1259860375077855,2.3411897933498365,2.4170888710260714,2.658674939599622,6.190646575785328,2.188280628269069,4.404209310512939,6.236578606621416,5.833318121097188,4.22888204007503,5.381847463510212,5.214290659475137,4.551518088903627,4.57833056269084,9.470854869513921,6.618621807862602,9.961301835024287,4.006073734158997,4.830066806223705,2.3357484694467052,3.3808663958208554,8.803826297325003,1
3.955931420316487,8.838562600288919,2.513275478640219,2.8930619318534463,4.317537557953158,4.872500156641644,6.846174584900259,5.901540834372532,4.167369485311944,4.733368386963788,4.3618741604306,3.1706925293485404,3.224074126796757,7.05576778286682,1.3436701441457202,8.23471739489011,4.314011548795536,3.4549827872156795,6.479518581394538,7.970433168294234,7.235264883207915,6.003704098719782,7.173726979443671,1.567004845712268,3.9563389170237038,3.177659879950311,7.44927746243035,4.233043962152227,6.690813113564111,6.071713884977276,0
3.275386127672638,3.826083580047431,7.587635381629452,3.449034702631173,5.249735220390958,3.43491742734711,4.372095626168279,4.907676112060056,3.4342669794050176,3.079106092032237,5.572546673554885,3.3105251824176474,3.378684888602655,3.1218937125960586,4.844183907337364,6.887403268799682,8.013057272624533,3.548163828012443,9.300621586662423,2.9905902785864082,7.167097046655739,3.5566070919691146,3.2581534602599795,3.5104876864312224,4.895104600701762,6.15994434206722,6.339736075809644,3.1120299693042233,3.0206814249774627,3.166722613272906,1
4.777291195228978,4.579688791618251,3.09964907586041,5.5392073881264885,9.525137616670637,3.990569076329697,4.132976357592933,6.119323140648738,3.88236741652641,6.337928963436365,3.562914586441919,8.664239215154602,5.689549945184589,3.759954101846577,3.822616601061452,3.97240049458393,7.745499332497747,2.4624979847974333,3.6641166590809906,3.876678886149148,4.968624066486124,4.457780614706411,2.0175443372190744,4.200354632809065,4.800898633630063,3.743804329840433,6.37355097809533,6.838816857507294,4.843226600541215,5.461083173701459,1
0.6778880053014582,4.157794455676337,7.009643383515826,4.153126833641445,3.5254766472160783,9.555377852061863,8.63815438039161,5.935149824964315,7.277821222960095,0.5481291640838446,3.424897118742587,4.060084253653697,4.5280398022661075,4.020111958052075,-0.10005258303269304,5.77204923741712,6.087308256561213,8.203797583179963,3.423381470450073,3.2596736844401955,-0.3599689719289376,4.412866326818228,6.802223562124343,3.776464275614561,9.286889637087295,4.486810328420953,5.293984568577111,2.2737938388368124,5.574440690350559,1.0413604102946095,1
6.38739591002629,6.448856352470824,7.71858284867302,2.9600625624646226,5.321124236594838,6.127633118773009,5.88456327666062,3.2694014497302977,0.21603622088771957,5.693920593768962,4.695000643380161,3.8666588140771196,6.527890727430933,4.910160923691134,2.3616098944644013,1.1370954218075568,2.7420734697336693,9.786024589533573,6.445553547865546,5.377224683950024,4.636678145628391,4.505214120105128,7.33439196671819,4.018808516193137,6.153840821368585,4.303144099416812,8.880313263670125,6.484577015156607,7.491113629367251,3.8311804506235223,1
7.116272225134844,4.374845149210619,5.2200696478656985,8.270095341238918,2.9144498864871617,5.406495462610801,5.876010517037454,6.040008761601619,4.0984310138130695,9.172528201616164,2.4101362293194795,7.917770777264939,7.430131211183277,8.80177757920737,1.8235458025843596,3.2623370242205794,7.983886118323282,1.2459216907393822,1.7870821979191724,4.0233844265770164,5.383987577244535,8.18445014729755,4.629468170139283,3.7835217038709215,5.622779875392855,5.939192966588802,5.882479644340543,4.6440275840973095,1.0898277721637006,3.164768021787336,1
7.840542170534924,5.3741378759532,4.354955761785886,7.236337096747949,2.739766735262103,4.549303732573985,5.2755168103480745,4.117244993410742,5.201525645803198,4.624612137156469,2.20131390442825,5.362955763758112,2.343296416974265,5.331230250193444,7.748271648300219,4.437953605447891,2.6570337400580275,4.746024373590039,3.3360577838429375,6.189018005262939,4.704022504954293,8.419526503329147,7.325979191354676,4.693838991037195,6.431218135946182,4.213527181674309,5.067913770330336,4.277131607299376,6.532911919699417,7.865976553419156,1
6.597296414382287,6.843873202570712,6.846066874471458,6.1025118446694195,2.7214276815794642,8.401943038833,8.60882165339685,4.532240793373263,4.258604169567636,6.22482330583075,6.10162567036701,4.596107862493962,2.4999486888247917,5.611402381499554,6.1028730763510906,6.451642296077594,5.698585544708415,4.457769703276181,6.988004079012557,5.131696995131836,4.070153971270559,4.638693235908558,1.5080619350500362,4.635516351642922,6.376873039749337,5.67956604427846,8.041328345962372,4.4740501719685914,5.974626326106632,6.585480352611544,1
9.685714016574817,5.289530982235281,2.9116256422719533,6.6958575067105635,8.731454711936914,4.354902579546757,6.682163077212832,7.457456110457841,7.034131087940307,5.251117044947156,3.6030524835737077,4.837440903972828,5.917200907755261,6.816445048183458,5.667890095998079,4.240184066918846,6.110759312299537,6.720170135485641,5.759220112828961,3.3276257709233503,4.63718793056562,6.895641552824934,2.2339643825110524,0.8136439552176817,8.016165700288042,6.022830510043759,6.213460005040213,2.846366052745888,6.475056126933076,5.550497375136729,1
1.8313448443032057,7.848566828547715,5.317366647237458,4.207832067841462,4.244020508029565,0.9695561891352469,6.186673199262727,5.523714414491451,4.6118397353338105,7.556970414903344,2.2322819620083085,3.8064550472647696,3.299983490479228,4.442410040456894,5.134940050514446,5.86002704762271,4.306053093789766,3.2452885296902125,8.372013899540889,9.823280383577139,5.286573343764051,3.486439265958266,7.950908262084589,2.1064857873430696,4.330453350590345,3.6077658973073965,2.6809288990990225,4.439951534156461,3.2716558416520702,5.025308928297309,0
5.054354335344928,3.7573365529560414,4.25897328681226,4.538302064192579,6.619692122238854,4.703141197871629,6.649403481572195,6.171625967109311,6.143061393801484,7.775691940691947,2.7612182405081804,4.053633787385773,8.526597600599139,4.4853669988214655,-0.6302473798116992,4.594063313704229,5.2698790603265,-0.23422623486242156,7.6678712797758966,3.572575072268796,5.657126230375031,4.548036909311875,2.423297161591917,2.85898373072916,3.129834327144906,7.171343818367276,4.704923623799696,3.9562689668965065,3.1307821748195375,7.392300443052253,1
7.928402545047174,7.3694877974133615,5.9848746783083335,5.579660083741423,2.568124364048197,4.508361746577885,3.6322795933071266,1.3489757820305806,7.114086838330731,3.6083401072154495,7.391883814870614,6.763492801520024,6.113435953266838,6.225768143526367,3.7693722358525847,8.715700302581329,5.086250861906098,5.603863370237407,3.7018473328667216,3.13766947844608,5.954592017618847,5.435026991877571,3.4212952681948456,2.123146562449192,2.460153825344906,7.392267434182214,3.7734923706998567,4.322182908648332,7.900680517518124,2.7556988770271706,1
3.5460103485658863,3.4624663428786135,8.236136962332079,8.986767001164829,6.503126450804341,6.56676944830848,3.8392899942945378,8.894656973808566,5.535392508717324,6.70622052889948,4.7889501224580915,4.463934825344779,8.326084519192236,6.079447359476614,7.902750922140763,5.510656343490089,3.3032669271538184,3.8333141342430244,5.205930484929221,3.7469995679133463,2.785077182744619,7.4028340635740495,3.9102598583529757,5.276385495582641,5.592267179771209,3.8236937493588625,7.901598932617478,2.7657164775907743,5.523250527161542,5.492235412753168,1
4.8914907942717045,2.406174773456035,6.741635103726928,6.487021340669193,3.6488629428175674,6.4149744144107235,5.749815372601551,2.4387757092777833,3.292142170857285,7.276562889779159,5.6188323702841005,3.8713941083787478,3.283048217654716,3.9692124037691583,4.111040940244591,3.308073934741497,1.5164717752333954,7.280026572801571,6.941267345222887,2.453489096386281,5.272622591127336,3.1955235945704668,4.476865553546929,4.310466840252687,4.1443315685642546,9.005894168152572,4.119348630647619,3.3834723498661505,3.4748371410059042,7.087553912803511,1
1.6957953366141303,3.4747541671289595,7.893645680223068,5.487972375995294,5.3838440100722265,9.264292920287403,5.492695905896998,3.583627677280835,4.435845886247303,2.7291353819388626,7.511874080031394,6.149123435073431,7.248828299941778,7.425967857098741,4.171578438144935,3.11049429598222,4.896573777383908,3.2544778584229235,5.329913750818049,7.264193761669379,4.663720707901666,5.299990179815478,4.812308767553267,6.605455144875395,3.66443521142342,0.6071074767138018,5.941737718750762,6.975668842615987,5.892748489517071,3.719539009063972,1
2.729975803627862,5.988995063560643,5.282957905869347,4.74841474468334,8.644926685987581,3.1063998116373366,8.55007404225493,5.06356780974128,1.3288590462582506,4.6415946913617185,6.918992153198882,4.269889934390059,2.05044291752321,4.67097093640766,3.2856552522165883,5.983628802175925,6.546799632135222,2.8874591845037876,3.588391889768701,6.513284930213875,3.2823114434020817,2.83568372834401,2.6426177364074905,5.704077225916241,5.618315439034928,3.6319079392419167,5.010170792256468,8.054264768310262,3.0518796861635566,1.096514781979101,1
5.910151151440741,4.7791976721968235,3.5799498263697975,6.304160474709816,6.6784502893375794,0.5834439602398147,3.694804181337023,9.63503246239371,6.166809831596382,6.352207276594299,7.345788557262956,5.034137650399452,6.59336832018324,6.436124087674405,6.078082993505518,4.355976058765191,5.3441178447325175,3.823276871386444,5.02562860913299,2.663018215801466,3.418752017454095,4.435375916150141,3.1125891371398478,3.989965458509647,4.672148046488968,5.804524689328755,6.898514603705818,4.072431257243784,7.670209234537248,6.877222157250987,1
6.008187663887884,5.307298258593238,5.638241683737083,7.374102301332764,7.447159319518548,7.669893456767286,5.082653663754006,6.109934329997226,7.687093013244103,3.7525679301672143,4.363166292563393,5.032073326026957,6.799197475958813,6.830344301437245,4.5382717776041295,1.98278109124058,5.492367888591935,3.1633677253431975,2.020127590719555,2.472256878532567,5.6527620156911205,7.722074721865614,5.077789032472488,5.422761309291929,7.365789877755851,1.9110901818328916,6.040352843200543,4.976820431362357,6.1321149176641345,4.033032183192368,1
3.364125419147036,5.281017808571211,8.298382646668923,6.721820209082925,3.984614459639817,2.3180559280374404,1.635865432604429,7.632198903700963,3.0898354237283447,4.348973174010127,7.642422252155153,1.7721970890420167,7.984529018950118,4.492719092214996,2.7028333695225224,4.505298145702174,3.554806437197045,5.881639597811431,3.7037351322244447,1.176715578161914,4.558874931182021,2.286909895426922,5.40863976797664,2.6257393354333516,4.023974393655828,5.365175608428673,4.575082549931461,5.50086056600209,6.360574331435513,2.684132600537388,1
4.871204918750585,-1.6590075950162584,5.494666603365047,4.398371739250315,3.0331004730440574,5.631438844593048,7.345395154370134,4.047964504802113,3.1103710195165597,5.330050524877423,2.3287866667072787,3.6792372589289215,7.444804323301005,5.124358459624576,1.2410660721076674,1.406016705441198,5.3241713852935515,6.7247811518353755,1.7647570827476997,5.899425214993017,7.6606870149794375,8.775717975917278,5.6624455197197525,6.013605189104949,0.733631144743712,9.199505095991977,3.849019573807757,3.133057683149917,4.489587731120751,8.023346828370862,1
9.416092095087096,5.250817358951688,6.996168345207311,5.086408097371008,2.924409053963632,7.953487341576581,3.755745039287222,8.071061546743765,7.5970826595381675,6.228072527914416,8.657949512508706,9.464692066371477,4.649513274071377,3.3824117631671378,1.2714603254870553,9.489364510860511,4.120635982163101,7.270073714203479,3.517489264981034,8.07653128182407,3.5997648163691736,2.6165617327653137,4.582987138092499,3.9364485980767254,6.192599570922425,4.897210145614952,6.255404789103843,4.417957053829412,3.6697852579623893,3.832878904207853,1
9.089877596062053,5.450341864453872,1.032475581093911,3.9595819730918382,5.193732064951751,8.690799362500758,7.057397431779799,3.15656432703617,9.836711507144901,4.9376792703970445,7.492659622149889,2.6899830052001947,0.20367380949820468,2.1831370192632784,-1.5006669523914118,9.224178654505817,5.429065837772832,3.1507119631039373,5.9052480599602415,5.378668072360331,6.241866791227983,7.419062802272537,4.420157693949969,3.2403213877980264,6.655550428743835,6.604665555768932,5.2014716162426895,9.355108377361546,4.124355754276696,3.2002840567294637,1
5.836182855013203,3.6501242861730034,5.9910330482897916,3.3339834883211203,4.199515434136229,8.78168084007833,4.188825286504642,3.4022969119654074,7.341357577413,2.8979160994266127,3.6141135397058637,6.153122241017989,6.876822847746584,7.4409527821621495,3.5055563355590307,6.19201734597224,4.067783600911641,3.788688732978735,7.406425564584571,3.900891208280828,5.55640919204196,5.311158938461277,2.858491247322995,6.932185710712641,6.120561787357907,1.0274187762591582,5.5548422224746865,3.454053131666758,7.194150612825256,2.1092003264384838,1
4.287046062740912,5.724049101976932,5.10868058828375,6.525916513427942,1.9631560279814217,8.303828673734756,6.050289317576543,7.719436426001792,6.748480338466483,4.976779771089913,2.4316035781776786,3.872893637502598,8.179126665725155,7.770875563312765,3.76080003979262,-0.6366085724043575,4.574620531389763,4.424594223741767,4.500454775919233,6.057078403662803,6.752425158643327,6.980599094199048,5.8914182802707336,1.398458596154728,4.317600534613408,9.608179567098379,5.748433469604957,5.73563913688773,5.718971879547716,5.830759245011979,1
0.23377563782815347,4.520951366177863,4.924214336410621,7.562990798506824,5.0953457892445915,1.7069772267961176,5.860178312343504,3.3923507035145093,2.5664287178371645,3.331681906566838,6.085008459329031,7.517522479520137,5.965859890355174,6.264046447234043,5.946090545676002,5.202654353720937,6.393861269925515,0.16244906586115881,5.222176702609667,2.9101499307554968,7.325805145088278,4.705689389566279,5.061896176535661,1.9898562514923932,7.033661778025703,6.254656240547619,6.113895764681006,3.3739542956623554,3.45272031012374,5.447198908891811,0
3.6110031795038977,5.869785925354677,0.6781747944665559,4.024910887186815,8.593506930852982,5.8789716559915295,5.333587329061985,8.970453071342714,0.32809276239712837,3.3693777704237853,4.197653656505222,6.71670246601078,6.751312726456472,3.267986582034748,6.995908644285099,4.193370465356585,7.423279251298334,2.9347146037558844,4.753376801867679,4.019665369246879,7.112060743131428,3.954437566867658,4.915102941976488,6.013622795326098,6.090516966052239,6.7739052149463435,5.422249553689333,4.163502169440338,4.300602509282499,5.051344630415224,1
5.499184952148767,4.705656704303127,5.038406841931095,1.9654922788557894,6.334710568909356,5.36222457777886,7.003740827082177,5.00032101481417,1.5232048429564276,4.28310762138665,4.600140153763166,6.485806610867198,0.8594529109732099,5.08235903389787,6.027350431586612,3.6770242294369604,5.149256019633695,3.745926981700311,3.540854133559219,4.183160299737366,3.5786160150659785,6.367236623872666,3.5300962463292445,3.194179985904145,8.535857333679067,6.921480023648071,1.2769732786815995,3.4704634202949327,5.484925943445422,5.647510134462987,1
2.019014268526213,7.317130985644644,6.650448838363252,5.963803264080678,7.713456981424242,5.904579985141837,5.897161758503694,8.115358543644485,7.202439161455418,3.3169850821769375,6.26639035734383,3.671464270082836,6.008309101900556,5.953227014039629,2.233065375088028,4.75630877737793,5.530514047160804,4.127419618011686,5.62941988478152,6.611795554002137,4.938813871538489,5.449198953416519,7.76684815711195,5.946393166450452,5.401648579348947,3.0838412407172786,6.342052022777698,5.660299898783877,7.567478867402816,5.093757086606622,0
1.3674669997320086,1.5997582623434763,6.471361527519466,3.8596128046036933,5.873535502220995,5.2284652890047125,4.666320664612159,4.807277428823554,3.269220989909546,4.968444622200659,3.8310131344112026,4.25548695974859,4.352701910581678,4.546613460202561,6.8443469130141725,4.740418341590613,7.047404673180197,8.075709902652964,6.709889302112299,6.068937070137022,5.653664418967041,6.73071741810014,5.178721477192479,6.969139691914397,6.228211610579368,4.280319078439224,6.791701760205612,5.182960011955137,4.7877359847753675,4.0476016792020255,1
5.332037695749144,6.992925230825967,6.777880011186075,5.706787594917913,6.19928728145007,7.543393583045116,4.7000674176582775,2.7691599929395876,7.602259704357145,3.9404434959385632,3.619323753312191,1.4076044893308972,6.142566106328593,1.7570947508955572,3.4994823846165266,6.176473589030118,6.443842504816744,3.6965917035635325,4.73169334601519,3.2548109471876936,3.9032064243776343,5.532430520305814,3.9967066424070845,4.511569919648662,2.070586636764866,7.265912329612275,6.0201331863421315,6.585810743674403,7.580850649233724,3.349574248908567,1
4.283211033943953,1.210331264835578,11.280845820204474,4.700829369365247,7.077455799829824,2.5236777113290825,6.992776851286019,8.715181753299332,4.879438501944037,2.9782370068207973,4.722407198108928,0.5464769500855473,4.9242265979563165,6.641934278625992,4.928484711252971,4.431720890622065,6.055136232224066,6.208049693899105,1.6801888749896348,5.177645924557577,9.871970248458487,2.329967508703952,4.829162334333867,8.883492244103405,7.208350313087351,3.973206638447877,5.4122707592452075,4.995776640030353,3.503856391356665,4.851495785013835,1
4.4400677343869415,5.225497876153499,3.5032336386179335,2.446763599510678,4.917438453215259,8.43023643635756,5.164405852525593,4.336812442136909,6.508171610076997,4.683360774809243,8.73606584991822,4.992174981409843,6.400994126316327,3.4907912352134542,6.006178506673325,5.550186953887509,4.886987750681584,3.9964844776605597,3.723939668695251,5.564705327959305,6.257878219392947,4.745674407411737,5.5745358582415845,4.924170643734461,5.197052049810775,4.59911003464555,5.035945158736617,10.396080913634853,5.6232685976148495,6.290593916862086,1
5.876047210656194,4.474366353405881,7.587978426583335,4.417672459147317,7.110109097885102,4.331586003867103,3.080054961711918,5.730792416472386,2.7906632877957867,6.0712804500332185,2.6116826878173667,4.361983939054293,2.136540606950517,10.648334018805459,1.6920808807673713,5.019627480792809,7.286608548660027,7.072771817174051,6.702684244346274,4.365543223557049,7.702177892674004,6.826782181604365,5.424599235320954,5.481161515453184,4.392154704769255,3.1806959483339234,7.474301950957432,7.624415987203063,3.2317817179401573,4.692429669707616,1
